Country,Division,DivisionCode,Zila,ZilaCode,Estimate,Unit,Indicator,Theme,Source,Year,Definition
Bangladesh,Barisal,10,Barguna,4,892781,Number,Total Population in 2011 (Number),Population Size,Population Census 2011,2011,Total Population in 2011
Bangladesh,Barisal,10,Barguna,4,708547,Number,Rural Population in 1991 (Number),Population Size,Population Census 1991,1991,Rural Population in 1991
Bangladesh,Barisal,10,Barguna,4,760972,Number,Rural Population in 2001 (Number),Population Size,Population Census 2001,2001,Rural Population in 2001
Bangladesh,Barisal,10,Barguna,4,103094,Number,Urban Population in 2011 (Number),Population Size,Population Census 2011,2011,Urban Population in 2011
Bangladesh,Barisal,10,Barguna,4,848554,Number,Total Population in 2001 (Number),Population Size,Population Census 2001,2001,Total Population in 2001
Bangladesh,Barisal,10,Barguna,4,789687,Number,Rural Population in 2011 (Number),Population Size,Population Census 2011,2011,Rural Population in 2011
Bangladesh,Barisal,10,Barguna,4,534220,Number,Working-age population (Number),Population Size,Population Census 2011,2011,Total number of working age population (15-64 years).
Bangladesh,Barisal,10,Barguna,4,87582,Number,Urban Population in 2001 (Number),Population Size,Population Census 2001,2001,Urban Population in 2001
Bangladesh,Barisal,10,Barguna,4,67146,Number,Urban Population in 1991 (Number),Population Size,Population Census 1991,1991,Urban Population in 1991
Bangladesh,Barisal,10,Barguna,4,775693,Number,Total Population in 1991 (Number),Population Size,Population Census 1991,1991,Total Population in 1991
Bangladesh,Barisal,10,Barisal,6,1805294,Number,Rural Population in 2011 (Number),Population Size,Population Census 2011,2011,Rural Population in 2011
Bangladesh,Barisal,10,Barisal,6,394567,Number,Urban Population in 2001 (Number),Population Size,Population Census 2001,2001,Urban Population in 2001
Bangladesh,Barisal,10,Barisal,6,1961400,Number,Rural Population in 2001 (Number),Population Size,Population Census 2001,2001,Rural Population in 2001
Bangladesh,Barisal,10,Barisal,6,1876451,Number,Urban Population in 1991 (Number),Population Size,Population Census 1991,1991,Urban Population in 1991
Bangladesh,Barisal,10,Barisal,6,1346080,Number,Working-age population (Number),Population Size,Population Census 2011,2011,Total number of working age population (15-64 years).
Bangladesh,Barisal,10,Barisal,6,2207426,Number,Total Population in 1991 (Number),Population Size,Population Census 1991,1991,Total Population in 1991
Bangladesh,Barisal,10,Barisal,6,330975,Number,Rural Population in 1991 (Number),Population Size,Population Census 1991,1991,Rural Population in 1991
Bangladesh,Barisal,10,Barisal,6,519016,Number,Urban Population in 2011 (Number),Population Size,Population Census 2011,2011,Urban Population in 2011
Bangladesh,Barisal,10,Barisal,6,2355967,Number,Total Population in 2001 (Number),Population Size,Population Census 2001,2001,Total Population in 2001
Bangladesh,Barisal,10,Barisal,6,2324310,Number,Total Population in 2011 (Number),Population Size,Population Census 2011,2011,Total Population in 2011
Bangladesh,Barisal,10,Bhola,9,1286754,Number,Rural Population in 1991 (Number),Population Size,Population Census 1991,1991,Rural Population in 1991
Bangladesh,Barisal,10,Bhola,9,189574,Number,Urban Population in 1991 (Number),Population Size,Population Census 1991,1991,Urban Population in 1991
Bangladesh,Barisal,10,Bhola,9,234302,Number,Urban Population in 2001 (Number),Population Size,Population Census 2001,2001,Urban Population in 2001
Bangladesh,Barisal,10,Bhola,9,243317,Number,Urban Population in 2011 (Number),Population Size,Population Census 2011,2011,Urban Population in 2011
Bangladesh,Barisal,10,Bhola,9,1533478,Number,Rural Population in 2011 (Number),Population Size,Population Census 2011,2011,Rural Population in 2011
Bangladesh,Barisal,10,Bhola,9,1468815,Number,Rural Population in 2001 (Number),Population Size,Population Census 2001,2001,Rural Population in 2001
Bangladesh,Barisal,10,Bhola,9,1776795,Number,Total Population in 2011 (Number),Population Size,Population Census 2011,2011,Total Population in 2011
Bangladesh,Barisal,10,Bhola,9,1703117,Number,Total Population in 2001 (Number),Population Size,Population Census 2001,2001,Total Population in 2001
Bangladesh,Barisal,10,Bhola,9,972220,Number,Working-age population (Number),Population Size,Population Census 2011,2011,Total number of working age population (15-64 years).
Bangladesh,Barisal,10,Bhola,9,1476328,Number,Total Population in 1991 (Number),Population Size,Population Census 1991,1991,Total Population in 1991
Bangladesh,Barisal,10,Jhalokati,42,104070,Number,Urban Population in 2001 (Number),Population Size,Population Census 2001,2001,Urban Population in 2001
Bangladesh,Barisal,10,Jhalokati,42,590161,Number,Rural Population in 2001 (Number),Population Size,Population Census 2001,2001,Rural Population in 2001
Bangladesh,Barisal,10,Jhalokati,42,85527,Number,Urban Population in 1991 (Number),Population Size,Population Census 1991,1991,Urban Population in 1991
Bangladesh,Barisal,10,Jhalokati,42,395400,Number,Working-age population (Number),Population Size,Population Census 2011,2011,Total number of working age population (15-64 years).
Bangladesh,Barisal,10,Jhalokati,42,570666,Number,Rural Population in 2011 (Number),Population Size,Population Census 2011,2011,Rural Population in 2011
Bangladesh,Barisal,10,Jhalokati,42,666139,Number,Total Population in 1991 (Number),Population Size,Population Census 1991,1991,Total Population in 1991
Bangladesh,Barisal,10,Jhalokati,42,112003,Number,Urban Population in 2011 (Number),Population Size,Population Census 2011,2011,Urban Population in 2011
Bangladesh,Barisal,10,Jhalokati,42,580612,Number,Rural Population in 1991 (Number),Population Size,Population Census 1991,1991,Rural Population in 1991
Bangladesh,Barisal,10,Jhalokati,42,682669,Number,Total Population in 2011 (Number),Population Size,Population Census 2011,2011,Total Population in 2011
Bangladesh,Barisal,10,Jhalokati,42,694231,Number,Total Population in 2001 (Number),Population Size,Population Census 2001,2001,Total Population in 2001
Bangladesh,Barisal,10,Patuakhali,78,1141400,Number,Rural Population in 1991 (Number),Population Size,Population Census 1991,1991,Rural Population in 1991
Bangladesh,Barisal,10,Patuakhali,78,175284,Number,Urban Population in 2001 (Number),Population Size,Population Census 2001,2001,Urban Population in 2001
Bangladesh,Barisal,10,Patuakhali,78,1273872,Number,Total Population in 1991 (Number),Population Size,Population Census 1991,1991,Total Population in 1991
Bangladesh,Barisal,10,Patuakhali,78,889180,Number,Working-age population (Number),Population Size,Population Census 2011,2011,Total number of working age population (15-64 years).
Bangladesh,Barisal,10,Patuakhali,78,132472,Number,Urban Population in 1991 (Number),Population Size,Population Census 1991,1991,Urban Population in 1991
Bangladesh,Barisal,10,Patuakhali,78,1460781,Number,Total Population in 2001 (Number),Population Size,Population Census 2001,2001,Total Population in 2001
Bangladesh,Barisal,10,Patuakhali,78,201882,Number,Urban Population in 2011 (Number),Population Size,Population Census 2011,2011,Urban Population in 2011
Bangladesh,Barisal,10,Patuakhali,78,1285497,Number,Rural Population in 2001 (Number),Population Size,Population Census 2001,2001,Rural Population in 2001
Bangladesh,Barisal,10,Patuakhali,78,1333972,Number,Rural Population in 2011 (Number),Population Size,Population Census 2011,2011,Rural Population in 2011
Bangladesh,Barisal,10,Patuakhali,78,1535854,Number,Total Population in 2011 (Number),Population Size,Population Census 2011,2011,Total Population in 2011
Bangladesh,Barisal,10,Pirojpur,79,658880,Number,Working-age population (Number),Population Size,Population Census 2011,2011,Total number of working age population (15-64 years).
Bangladesh,Barisal,10,Pirojpur,79,930626,Number,Rural Population in 2011 (Number),Population Size,Population Census 2011,2011,Rural Population in 2011
Bangladesh,Barisal,10,Pirojpur,79,182631,Number,Urban Population in 2011 (Number),Population Size,Population Census 2011,2011,Urban Population in 2011
Bangladesh,Barisal,10,Pirojpur,79,129658,Number,Urban Population in 1991 (Number),Population Size,Population Census 1991,1991,Urban Population in 1991
Bangladesh,Barisal,10,Pirojpur,79,166970,Number,Urban Population in 2001 (Number),Population Size,Population Census 2001,2001,Urban Population in 2001
Bangladesh,Barisal,10,Pirojpur,79,933527,Number,Rural Population in 1991 (Number),Population Size,Population Census 1991,1991,Rural Population in 1991
Bangladesh,Barisal,10,Pirojpur,79,1113257,Number,Total Population in 2011 (Number),Population Size,Population Census 2011,2011,Total Population in 2011
Bangladesh,Barisal,10,Pirojpur,79,1111068,Number,Total Population in 2001 (Number),Population Size,Population Census 2001,2001,Total Population in 2001
Bangladesh,Barisal,10,Pirojpur,79,944098,Number,Rural Population in 2001 (Number),Population Size,Population Census 2001,2001,Rural Population in 2001
Bangladesh,Barisal,10,Pirojpur,79,1063185,Number,Total Population in 1991 (Number),Population Size,Population Census 1991,1991,Total Population in 1991
Bangladesh,Chittagong,20,Bandarban,3,388335,Number,Total Population in 2011 (Number),Population Size,Population Census 2011,2011,Total Population in 2011
Bangladesh,Chittagong,20,Bandarban,3,100423,Number,Urban Population in 2011 (Number),Population Size,Population Census 2011,2011,Urban Population in 2011
Bangladesh,Chittagong,20,Bandarban,3,92766,Number,Urban Population in 2001 (Number),Population Size,Population Census 2001,2001,Urban Population in 2001
Bangladesh,Chittagong,20,Bandarban,3,298120,Number,Total Population in 2001 (Number),Population Size,Population Census 2001,2001,Total Population in 2001
Bangladesh,Chittagong,20,Bandarban,3,287912,Number,Rural Population in 2011 (Number),Population Size,Population Census 2011,2011,Rural Population in 2011
Bangladesh,Chittagong,20,Bandarban,3,68522,Number,Urban Population in 1991 (Number),Population Size,Population Census 1991,1991,Urban Population in 1991
Bangladesh,Chittagong,20,Bandarban,3,205354,Number,Rural Population in 2001 (Number),Population Size,Population Census 2001,2001,Rural Population in 2001
Bangladesh,Chittagong,20,Bandarban,3,230569,Number,Total Population in 1991 (Number),Population Size,Population Census 1991,1991,Total Population in 1991
Bangladesh,Chittagong,20,Bandarban,3,162047,Number,Rural Population in 1991 (Number),Population Size,Population Census 1991,1991,Rural Population in 1991
Bangladesh,Chittagong,20,Bandarban,3,225400,Number,Working-age population (Number),Population Size,Population Census 2011,2011,Total number of working age population (15-64 years).
Bangladesh,Chittagong,20,Brahamanbaria,12,1882642,Number,Rural Population in 1991 (Number),Population Size,Population Census 1991,1991,Rural Population in 1991
Bangladesh,Chittagong,20,Brahamanbaria,12,259103,Number,Urban Population in 1991 (Number),Population Size,Population Census 1991,1991,Urban Population in 1991
Bangladesh,Chittagong,20,Brahamanbaria,12,2840498,Number,Total Population in 2011 (Number),Population Size,Population Census 2011,2011,Total Population in 2011
Bangladesh,Chittagong,20,Brahamanbaria,12,2141745,Number,Total Population in 1991 (Number),Population Size,Population Census 1991,1991,Total Population in 1991
Bangladesh,Chittagong,20,Brahamanbaria,12,2392005,Number,Rural Population in 2011 (Number),Population Size,Population Census 2011,2011,Rural Population in 2011
Bangladesh,Chittagong,20,Brahamanbaria,12,448493,Number,Urban Population in 2011 (Number),Population Size,Population Census 2011,2011,Urban Population in 2011
Bangladesh,Chittagong,20,Brahamanbaria,12,2398254,Number,Total Population in 2001 (Number),Population Size,Population Census 2001,2001,Total Population in 2001
Bangladesh,Chittagong,20,Brahamanbaria,12,1500100,Number,Working-age population (Number),Population Size,Population Census 2011,2011,Total number of working age population (15-64 years).
Bangladesh,Chittagong,20,Brahamanbaria,12,336184,Number,Urban Population in 2001 (Number),Population Size,Population Census 2001,2001,Urban Population in 2001
Bangladesh,Chittagong,20,Brahamanbaria,12,2062070,Number,Rural Population in 2001 (Number),Population Size,Population Census 2001,2001,Rural Population in 2001
Bangladesh,Chittagong,20,Chandpur,13,188476,Number,Urban Population in 1991 (Number),Population Size,Population Census 1991,1991,Urban Population in 1991
Bangladesh,Chittagong,20,Chandpur,13,1980294,Number,Rural Population in 2011 (Number),Population Size,Population Census 2011,2011,Rural Population in 2011
Bangladesh,Chittagong,20,Chandpur,13,2271229,Number,Total Population in 2001 (Number),Population Size,Population Census 2001,2001,Total Population in 2001
Bangladesh,Chittagong,20,Chandpur,13,314102,Number,Urban Population in 2001 (Number),Population Size,Population Census 2001,2001,Urban Population in 2001
Bangladesh,Chittagong,20,Chandpur,13,2032449,Number,Total Population in 1991 (Number),Population Size,Population Census 1991,1991,Total Population in 1991
Bangladesh,Chittagong,20,Chandpur,13,435724,Number,Urban Population in 2011 (Number),Population Size,Population Census 2011,2011,Urban Population in 2011
Bangladesh,Chittagong,20,Chandpur,13,2416018,Number,Total Population in 2011 (Number),Population Size,Population Census 2011,2011,Total Population in 2011
Bangladesh,Chittagong,20,Chandpur,13,1369980,Number,Working-age population (Number),Population Size,Population Census 2011,2011,Total number of working age population (15-64 years).
Bangladesh,Chittagong,20,Chandpur,13,1957127,Number,Rural Population in 2001 (Number),Population Size,Population Census 2001,2001,Rural Population in 2001
Bangladesh,Chittagong,20,Chandpur,13,1843973,Number,Rural Population in 1991 (Number),Population Size,Population Census 1991,1991,Rural Population in 1991
Bangladesh,Chittagong,20,Chittagong,15,7616352,Number,Total Population in 2011 (Number),Population Size,Population Census 2011,2011,Total Population in 2011
Bangladesh,Chittagong,20,Chittagong,15,3152629,Number,Urban Population in 2011 (Number),Population Size,Population Census 2011,2011,Urban Population in 2011
Bangladesh,Chittagong,20,Chittagong,15,2889010,Number,Rural Population in 1991 (Number),Population Size,Population Census 1991,1991,Rural Population in 1991
Bangladesh,Chittagong,20,Chittagong,15,3230417,Number,Rural Population in 2001 (Number),Population Size,Population Census 2001,2001,Rural Population in 2001
Bangladesh,Chittagong,20,Chittagong,15,3381723,Number,Urban Population in 2001 (Number),Population Size,Population Census 2001,2001,Urban Population in 2001
Bangladesh,Chittagong,20,Chittagong,15,6612140,Number,Total Population in 2001 (Number),Population Size,Population Census 2001,2001,Total Population in 2001
Bangladesh,Chittagong,20,Chittagong,15,4742080,Number,Working-age population (Number),Population Size,Population Census 2011,2011,Total number of working age population (15-64 years).
Bangladesh,Chittagong,20,Chittagong,15,4463723,Number,Rural Population in 2011 (Number),Population Size,Population Census 2011,2011,Rural Population in 2011
Bangladesh,Chittagong,20,Chittagong,15,5296127,Number,Total Population in 1991 (Number),Population Size,Population Census 1991,1991,Total Population in 1991
Bangladesh,Chittagong,20,Chittagong,15,2407117,Number,Urban Population in 1991 (Number),Population Size,Population Census 1991,1991,Urban Population in 1991
Bangladesh,Chittagong,20,Comilla,19,3668377,Number,Rural Population in 1991 (Number),Population Size,Population Census 1991,1991,Rural Population in 1991
Bangladesh,Chittagong,20,Comilla,19,5387288,Number,Total Population in 2011 (Number),Population Size,Population Census 2011,2011,Total Population in 2011
Bangladesh,Chittagong,20,Comilla,19,840326,Number,Urban Population in 2011 (Number),Population Size,Population Census 2011,2011,Urban Population in 2011
Bangladesh,Chittagong,20,Comilla,19,4595557,Number,Total Population in 2001 (Number),Population Size,Population Census 2001,2001,Total Population in 2001
Bangladesh,Chittagong,20,Comilla,19,364289,Number,Urban Population in 1991 (Number),Population Size,Population Census 1991,1991,Urban Population in 1991
Bangladesh,Chittagong,20,Comilla,19,3022520,Number,Working-age population (Number),Population Size,Population Census 2011,2011,Total number of working age population (15-64 years).
Bangladesh,Chittagong,20,Comilla,19,535289,Number,Urban Population in 2001 (Number),Population Size,Population Census 2001,2001,Urban Population in 2001
Bangladesh,Chittagong,20,Comilla,19,4032666,Number,Total Population in 1991 (Number),Population Size,Population Census 1991,1991,Total Population in 1991
Bangladesh,Chittagong,20,Comilla,19,4060268,Number,Rural Population in 2001 (Number),Population Size,Population Census 2001,2001,Rural Population in 2001
Bangladesh,Chittagong,20,Comilla,19,4546962,Number,Rural Population in 2011 (Number),Population Size,Population Census 2011,2011,Rural Population in 2011
Bangladesh,Chittagong,20,Cox's Bazar,22,1226446,Number,Rural Population in 1991 (Number),Population Size,Population Census 1991,1991,Rural Population in 1991
Bangladesh,Chittagong,20,Cox's Bazar,22,1223600,Number,Working-age population (Number),Population Size,Population Census 2011,2011,Total number of working age population (15-64 years).
Bangladesh,Chittagong,20,Cox's Bazar,22,1773709,Number,Total Population in 2001 (Number),Population Size,Population Census 2001,2001,Total Population in 2001
Bangladesh,Chittagong,20,Cox's Bazar,22,2289990,Number,Total Population in 2011 (Number),Population Size,Population Census 2011,2011,Total Population in 2011
Bangladesh,Chittagong,20,Cox's Bazar,22,272395,Number,Urban Population in 2001 (Number),Population Size,Population Census 2001,2001,Urban Population in 2001
Bangladesh,Chittagong,20,Cox's Bazar,22,499011,Number,Urban Population in 2011 (Number),Population Size,Population Census 2011,2011,Urban Population in 2011
Bangladesh,Chittagong,20,Cox's Bazar,22,1501314,Number,Rural Population in 2001 (Number),Population Size,Population Census 2001,2001,Rural Population in 2001
Bangladesh,Chittagong,20,Cox's Bazar,22,192814,Number,Urban Population in 1991 (Number),Population Size,Population Census 1991,1991,Urban Population in 1991
Bangladesh,Chittagong,20,Cox's Bazar,22,1419260,Number,Total Population in 1991 (Number),Population Size,Population Census 1991,1991,Total Population in 1991
Bangladesh,Chittagong,20,Cox's Bazar,22,1790979,Number,Rural Population in 2011 (Number),Population Size,Population Census 2011,2011,Rural Population in 2011
Bangladesh,Chittagong,20,Feni,30,1096745,Number,Total Population in 1991 (Number),Population Size,Population Census 1991,1991,Total Population in 1991
Bangladesh,Chittagong,20,Feni,30,1437371,Number,Total Population in 2011 (Number),Population Size,Population Census 2011,2011,Total Population in 2011
Bangladesh,Chittagong,20,Feni,30,853820,Number,Working-age population (Number),Population Size,Population Census 2011,2011,Total number of working age population (15-64 years).
Bangladesh,Chittagong,20,Feni,30,95878,Number,Urban Population in 1991 (Number),Population Size,Population Census 1991,1991,Urban Population in 1991
Bangladesh,Chittagong,20,Feni,30,1143629,Number,Rural Population in 2011 (Number),Population Size,Population Census 2011,2011,Rural Population in 2011
Bangladesh,Chittagong,20,Feni,30,1000867,Number,Rural Population in 1991 (Number),Population Size,Population Census 1991,1991,Rural Population in 1991
Bangladesh,Chittagong,20,Feni,30,293742,Number,Urban Population in 2011 (Number),Population Size,Population Census 2011,2011,Urban Population in 2011
Bangladesh,Chittagong,20,Feni,30,170200,Number,Urban Population in 2001 (Number),Population Size,Population Census 2001,2001,Urban Population in 2001
Bangladesh,Chittagong,20,Feni,30,1240384,Number,Total Population in 2001 (Number),Population Size,Population Census 2001,2001,Total Population in 2001
Bangladesh,Chittagong,20,Feni,30,1070184,Number,Rural Population in 2001 (Number),Population Size,Population Census 2001,2001,Rural Population in 2001
Bangladesh,Chittagong,20,Khagrachhari,46,525664,Number,Total Population in 2001 (Number),Population Size,Population Census 2001,2001,Total Population in 2001
Bangladesh,Chittagong,20,Khagrachhari,46,613917,Number,Total Population in 2011 (Number),Population Size,Population Census 2011,2011,Total Population in 2011
Bangladesh,Chittagong,20,Khagrachhari,46,215808,Number,Urban Population in 2011 (Number),Population Size,Population Census 2011,2011,Urban Population in 2011
Bangladesh,Chittagong,20,Khagrachhari,46,398109,Number,Rural Population in 2011 (Number),Population Size,Population Census 2011,2011,Rural Population in 2011
Bangladesh,Chittagong,20,Khagrachhari,46,354629,Number,Rural Population in 2001 (Number),Population Size,Population Census 2001,2001,Rural Population in 2001
Bangladesh,Chittagong,20,Khagrachhari,46,109710,Number,Urban Population in 1991 (Number),Population Size,Population Census 1991,1991,Urban Population in 1991
Bangladesh,Chittagong,20,Khagrachhari,46,232778,Number,Rural Population in 1991 (Number),Population Size,Population Census 1991,1991,Rural Population in 1991
Bangladesh,Chittagong,20,Khagrachhari,46,342488,Number,Total Population in 1991 (Number),Population Size,Population Census 1991,1991,Total Population in 1991
Bangladesh,Chittagong,20,Khagrachhari,46,351740,Number,Working-age population (Number),Population Size,Population Census 2011,2011,Total number of working age population (15-64 years).
Bangladesh,Chittagong,20,Khagrachhari,46,171035,Number,Urban Population in 2001 (Number),Population Size,Population Census 2001,2001,Urban Population in 2001
Bangladesh,Chittagong,20,Lakshmipur,51,262997,Number,Urban Population in 2011 (Number),Population Size,Population Census 2011,2011,Urban Population in 2011
Bangladesh,Chittagong,20,Lakshmipur,51,1729188,Number,Total Population in 2011 (Number),Population Size,Population Census 2011,2011,Total Population in 2011
Bangladesh,Chittagong,20,Lakshmipur,51,185446,Number,Urban Population in 1991 (Number),Population Size,Population Census 1991,1991,Urban Population in 1991
Bangladesh,Chittagong,20,Lakshmipur,51,1264475,Number,Rural Population in 2001 (Number),Population Size,Population Census 2001,2001,Rural Population in 2001
Bangladesh,Chittagong,20,Lakshmipur,51,1466191,Number,Rural Population in 2011 (Number),Population Size,Population Census 2011,2011,Rural Population in 2011
Bangladesh,Chittagong,20,Lakshmipur,51,1312337,Number,Total Population in 1991 (Number),Population Size,Population Census 1991,1991,Total Population in 1991
Bangladesh,Chittagong,20,Lakshmipur,51,1126891,Number,Rural Population in 1991 (Number),Population Size,Population Census 1991,1991,Rural Population in 1991
Bangladesh,Chittagong,20,Lakshmipur,51,225426,Number,Urban Population in 2001 (Number),Population Size,Population Census 2001,2001,Urban Population in 2001
Bangladesh,Chittagong,20,Lakshmipur,51,958080,Number,Working-age population (Number),Population Size,Population Census 2011,2011,Total number of working age population (15-64 years).
Bangladesh,Chittagong,20,Lakshmipur,51,1489901,Number,Total Population in 2001 (Number),Population Size,Population Census 2001,2001,Total Population in 2001
Bangladesh,Chittagong,20,Noakhali,75,3108083,Number,Total Population in 2011 (Number),Population Size,Population Census 2011,2011,Total Population in 2011
Bangladesh,Chittagong,20,Noakhali,75,2611383,Number,Rural Population in 2011 (Number),Population Size,Population Census 2011,2011,Rural Population in 2011
Bangladesh,Chittagong,20,Noakhali,75,228709,Number,Urban Population in 1991 (Number),Population Size,Population Census 1991,1991,Urban Population in 1991
Bangladesh,Chittagong,20,Noakhali,75,2223902,Number,Rural Population in 2001 (Number),Population Size,Population Census 2001,2001,Rural Population in 2001
Bangladesh,Chittagong,20,Noakhali,75,353342,Number,Urban Population in 2001 (Number),Population Size,Population Census 2001,2001,Urban Population in 2001
Bangladesh,Chittagong,20,Noakhali,75,1697700,Number,Working-age population (Number),Population Size,Population Census 2011,2011,Total number of working age population (15-64 years).
Bangladesh,Chittagong,20,Noakhali,75,496700,Number,Urban Population in 2011 (Number),Population Size,Population Census 2011,2011,Urban Population in 2011
Bangladesh,Chittagong,20,Noakhali,75,2216685,Number,Total Population in 1991 (Number),Population Size,Population Census 1991,1991,Total Population in 1991
Bangladesh,Chittagong,20,Noakhali,75,2577244,Number,Total Population in 2001 (Number),Population Size,Population Census 2001,2001,Total Population in 2001
Bangladesh,Chittagong,20,Noakhali,75,1987976,Number,Rural Population in 1991 (Number),Population Size,Population Census 1991,1991,Rural Population in 1991
Bangladesh,Chittagong,20,Rangamati,84,170188,Number,Urban Population in 2001 (Number),Population Size,Population Census 2001,2001,Urban Population in 2001
Bangladesh,Chittagong,20,Rangamati,84,436352,Number,Rural Population in 2011 (Number),Population Size,Population Census 2011,2011,Rural Population in 2011
Bangladesh,Chittagong,20,Rangamati,84,159627,Number,Urban Population in 2011 (Number),Population Size,Population Census 2011,2011,Urban Population in 2011
Bangladesh,Chittagong,20,Rangamati,84,337994,Number,Rural Population in 2001 (Number),Population Size,Population Census 2001,2001,Rural Population in 2001
Bangladesh,Chittagong,20,Rangamati,84,508182,Number,Total Population in 2001 (Number),Population Size,Population Census 2001,2001,Total Population in 2001
Bangladesh,Chittagong,20,Rangamati,84,366320,Number,Working-age population (Number),Population Size,Population Census 2011,2011,Total number of working age population (15-64 years).
Bangladesh,Chittagong,20,Rangamati,84,146083,Number,Urban Population in 1991 (Number),Population Size,Population Census 1991,1991,Urban Population in 1991
Bangladesh,Chittagong,20,Rangamati,84,595979,Number,Total Population in 2011 (Number),Population Size,Population Census 2011,2011,Total Population in 2011
Bangladesh,Chittagong,20,Rangamati,84,401388,Number,Total Population in 1991 (Number),Population Size,Population Census 1991,1991,Total Population in 1991
Bangladesh,Chittagong,20,Rangamati,84,255305,Number,Rural Population in 1991 (Number),Population Size,Population Census 1991,1991,Rural Population in 1991
Bangladesh,Dhaka,30,Dhaka,26,2726934,Number,Rural Population in 2011 (Number),Population Size,Population Census 2011,2011,Rural Population in 2011
Bangladesh,Dhaka,30,Dhaka,26,9317043,Number,Urban Population in 2011 (Number),Population Size,Population Census 2011,2011,Urban Population in 2011
Bangladesh,Dhaka,30,Dhaka,26,12043977,Number,Total Population in 2011 (Number),Population Size,Population Census 2011,2011,Total Population in 2011
Bangladesh,Dhaka,30,Dhaka,26,5839642,Number,Total Population in 1991 (Number),Population Size,Population Census 1991,1991,Total Population in 1991
Bangladesh,Dhaka,30,Dhaka,26,8514660,Number,Working-age population (Number),Population Size,Population Census 2011,2011,Total number of working age population (15-64 years).
Bangladesh,Dhaka,30,Dhaka,26,697087,Number,Rural Population in 1991 (Number),Population Size,Population Census 1991,1991,Rural Population in 1991
Bangladesh,Dhaka,30,Dhaka,26,8511228,Number,Total Population in 2001 (Number),Population Size,Population Census 2001,2001,Total Population in 2001
Bangladesh,Dhaka,30,Dhaka,26,7794086,Number,Urban Population in 2001 (Number),Population Size,Population Census 2001,2001,Urban Population in 2001
Bangladesh,Dhaka,30,Dhaka,26,717142,Number,Rural Population in 2001 (Number),Population Size,Population Census 2001,2001,Rural Population in 2001
Bangladesh,Dhaka,30,Dhaka,26,5142555,Number,Urban Population in 1991 (Number),Population Size,Population Census 1991,1991,Urban Population in 1991
Bangladesh,Dhaka,30,Faridpur,29,154671,Number,Urban Population in 1991 (Number),Population Size,Population Census 1991,1991,Urban Population in 1991
Bangladesh,Dhaka,30,Faridpur,29,271100,Number,Urban Population in 2011 (Number),Population Size,Population Census 2011,2011,Urban Population in 2011
Bangladesh,Dhaka,30,Faridpur,29,1528999,Number,Rural Population in 2001 (Number),Population Size,Population Census 2001,2001,Rural Population in 2001
Bangladesh,Dhaka,30,Faridpur,29,227471,Number,Urban Population in 2001 (Number),Population Size,Population Census 2001,2001,Urban Population in 2001
Bangladesh,Dhaka,30,Faridpur,29,1756470,Number,Total Population in 2001 (Number),Population Size,Population Census 2001,2001,Total Population in 2001
Bangladesh,Dhaka,30,Faridpur,29,1912969,Number,Total Population in 2011 (Number),Population Size,Population Census 2011,2011,Total Population in 2011
Bangladesh,Dhaka,30,Faridpur,29,1505686,Number,Total Population in 1991 (Number),Population Size,Population Census 1991,1991,Total Population in 1991
Bangladesh,Dhaka,30,Faridpur,29,1125900,Number,Working-age population (Number),Population Size,Population Census 2011,2011,Total number of working age population (15-64 years).
Bangladesh,Dhaka,30,Faridpur,29,1641869,Number,Rural Population in 2011 (Number),Population Size,Population Census 2011,2011,Rural Population in 2011
Bangladesh,Dhaka,30,Faridpur,29,1351015,Number,Rural Population in 1991 (Number),Population Size,Population Census 1991,1991,Rural Population in 1991
Bangladesh,Dhaka,30,Gazipur,33,1102121,Number,Rural Population in 2001 (Number),Population Size,Population Census 2001,2001,Rural Population in 2001
Bangladesh,Dhaka,30,Gazipur,33,929770,Number,Urban Population in 2001 (Number),Population Size,Population Census 2001,2001,Urban Population in 2001
Bangladesh,Dhaka,30,Gazipur,33,2031891,Number,Total Population in 2001 (Number),Population Size,Population Census 2001,2001,Total Population in 2001
Bangladesh,Dhaka,30,Gazipur,33,2366338,Number,Rural Population in 2011 (Number),Population Size,Population Census 2011,2011,Rural Population in 2011
Bangladesh,Dhaka,30,Gazipur,33,989828,Number,Urban Population in 1991 (Number),Population Size,Population Census 1991,1991,Urban Population in 1991
Bangladesh,Dhaka,30,Gazipur,33,631734,Number,Rural Population in 1991 (Number),Population Size,Population Census 1991,1991,Rural Population in 1991
Bangladesh,Dhaka,30,Gazipur,33,1621562,Number,Total Population in 1991 (Number),Population Size,Population Census 1991,1991,Total Population in 1991
Bangladesh,Dhaka,30,Gazipur,33,3403912,Number,Total Population in 2011 (Number),Population Size,Population Census 2011,2011,Total Population in 2011
Bangladesh,Dhaka,30,Gazipur,33,2335380,Number,Working-age population (Number),Population Size,Population Census 2011,2011,Total number of working age population (15-64 years).
Bangladesh,Dhaka,30,Gazipur,33,1037574,Number,Urban Population in 2011 (Number),Population Size,Population Census 2011,2011,Urban Population in 2011
Bangladesh,Dhaka,30,Gopalganj,35,1165273,Number,Total Population in 2001 (Number),Population Size,Population Census 2001,2001,Total Population in 2001
Bangladesh,Dhaka,30,Gopalganj,35,128705,Number,Urban Population in 2011 (Number),Population Size,Population Census 2011,2011,Urban Population in 2011
Bangladesh,Dhaka,30,Gopalganj,35,1172415,Number,Total Population in 2011 (Number),Population Size,Population Census 2011,2011,Total Population in 2011
Bangladesh,Dhaka,30,Gopalganj,35,1060791,Number,Total Population in 1991 (Number),Population Size,Population Census 1991,1991,Total Population in 1991
Bangladesh,Dhaka,30,Gopalganj,35,1052140,Number,Rural Population in 2001 (Number),Population Size,Population Census 2001,2001,Rural Population in 2001
Bangladesh,Dhaka,30,Gopalganj,35,986617,Number,Rural Population in 1991 (Number),Population Size,Population Census 1991,1991,Rural Population in 1991
Bangladesh,Dhaka,30,Gopalganj,35,671160,Number,Working-age population (Number),Population Size,Population Census 2011,2011,Total number of working age population (15-64 years).
Bangladesh,Dhaka,30,Gopalganj,35,74174,Number,Urban Population in 1991 (Number),Population Size,Population Census 1991,1991,Urban Population in 1991
Bangladesh,Dhaka,30,Gopalganj,35,113133,Number,Urban Population in 2001 (Number),Population Size,Population Census 2001,2001,Urban Population in 2001
Bangladesh,Dhaka,30,Gopalganj,35,1043710,Number,Rural Population in 2011 (Number),Population Size,Population Census 2011,2011,Rural Population in 2011
Bangladesh,Dhaka,30,Kishoreganj,48,2022386,Number,Rural Population in 1991 (Number),Population Size,Population Census 1991,1991,Rural Population in 1991
Bangladesh,Dhaka,30,Kishoreganj,48,1578100,Number,Working-age population (Number),Population Size,Population Census 2011,2011,Total number of working age population (15-64 years).
Bangladesh,Dhaka,30,Kishoreganj,48,283693,Number,Urban Population in 1991 (Number),Population Size,Population Census 1991,1991,Urban Population in 1991
Bangladesh,Dhaka,30,Kishoreganj,48,489030,Number,Urban Population in 2011 (Number),Population Size,Population Census 2011,2011,Urban Population in 2011
Bangladesh,Dhaka,30,Kishoreganj,48,2306079,Number,Total Population in 1991 (Number),Population Size,Population Census 1991,1991,Total Population in 1991
Bangladesh,Dhaka,30,Kishoreganj,48,2422877,Number,Rural Population in 2011 (Number),Population Size,Population Census 2011,2011,Rural Population in 2011
Bangladesh,Dhaka,30,Kishoreganj,48,2238013,Number,Rural Population in 2001 (Number),Population Size,Population Census 2001,2001,Rural Population in 2001
Bangladesh,Dhaka,30,Kishoreganj,48,2911907,Number,Total Population in 2011 (Number),Population Size,Population Census 2011,2011,Total Population in 2011
Bangladesh,Dhaka,30,Kishoreganj,48,2594954,Number,Total Population in 2001 (Number),Population Size,Population Census 2001,2001,Total Population in 2001
Bangladesh,Dhaka,30,Kishoreganj,48,356941,Number,Urban Population in 2001 (Number),Population Size,Population Census 2001,2001,Urban Population in 2001
Bangladesh,Dhaka,30,Madaripur,54,1005984,Number,Rural Population in 2001 (Number),Population Size,Population Census 2001,2001,Rural Population in 2001
Bangladesh,Dhaka,30,Madaripur,54,1008142,Number,Rural Population in 2011 (Number),Population Size,Population Census 2011,2011,Rural Population in 2011
Bangladesh,Dhaka,30,Madaripur,54,984151,Number,Rural Population in 1991 (Number),Population Size,Population Census 1991,1991,Rural Population in 1991
Bangladesh,Dhaka,30,Madaripur,54,85025,Number,Urban Population in 1991 (Number),Population Size,Population Census 1991,1991,Urban Population in 1991
Bangladesh,Dhaka,30,Madaripur,54,157810,Number,Urban Population in 2011 (Number),Population Size,Population Census 2011,2011,Urban Population in 2011
Bangladesh,Dhaka,30,Madaripur,54,1165952,Number,Total Population in 2011 (Number),Population Size,Population Census 2011,2011,Total Population in 2011
Bangladesh,Dhaka,30,Madaripur,54,1069176,Number,Total Population in 1991 (Number),Population Size,Population Census 1991,1991,Total Population in 1991
Bangladesh,Dhaka,30,Madaripur,54,140365,Number,Urban Population in 2001 (Number),Population Size,Population Census 2001,2001,Urban Population in 2001
Bangladesh,Dhaka,30,Madaripur,54,1146349,Number,Total Population in 2001 (Number),Population Size,Population Census 2001,2001,Total Population in 2001
Bangladesh,Dhaka,30,Madaripur,54,670900,Number,Working-age population (Number),Population Size,Population Census 2011,2011,Total number of working age population (15-64 years).
Bangladesh,Dhaka,30,Manikganj,56,1264157,Number,Rural Population in 2011 (Number),Population Size,Population Census 2011,2011,Rural Population in 2011
Bangladesh,Dhaka,30,Manikganj,56,1189501,Number,Rural Population in 2001 (Number),Population Size,Population Census 2001,2001,Rural Population in 2001
Bangladesh,Dhaka,30,Manikganj,56,1285080,Number,Total Population in 2001 (Number),Population Size,Population Census 2001,2001,Total Population in 2001
Bangladesh,Dhaka,30,Manikganj,56,91967,Number,Urban Population in 1991 (Number),Population Size,Population Census 1991,1991,Urban Population in 1991
Bangladesh,Dhaka,30,Manikganj,56,128710,Number,Urban Population in 2011 (Number),Population Size,Population Census 2011,2011,Urban Population in 2011
Bangladesh,Dhaka,30,Manikganj,56,1392867,Number,Total Population in 2011 (Number),Population Size,Population Census 2011,2011,Total Population in 2011
Bangladesh,Dhaka,30,Manikganj,56,1083942,Number,Rural Population in 1991 (Number),Population Size,Population Census 1991,1991,Rural Population in 1991
Bangladesh,Dhaka,30,Manikganj,56,95579,Number,Urban Population in 2001 (Number),Population Size,Population Census 2001,2001,Urban Population in 2001
Bangladesh,Dhaka,30,Manikganj,56,1175909,Number,Total Population in 1991 (Number),Population Size,Population Census 1991,1991,Total Population in 1991
Bangladesh,Dhaka,30,Manikganj,56,866140,Number,Working-age population (Number),Population Size,Population Census 2011,2011,Total number of working age population (15-64 years).
Bangladesh,Dhaka,30,Munshiganj,59,1078616,Number,Rural Population in 1991 (Number),Population Size,Population Census 1991,1991,Rural Population in 1991
Bangladesh,Dhaka,30,Munshiganj,59,148352,Number,Urban Population in 2001 (Number),Population Size,Population Census 2001,2001,Urban Population in 2001
Bangladesh,Dhaka,30,Munshiganj,59,1145620,Number,Rural Population in 2001 (Number),Population Size,Population Census 2001,2001,Rural Population in 2001
Bangladesh,Dhaka,30,Munshiganj,59,1293972,Number,Total Population in 2001 (Number),Population Size,Population Census 2001,2001,Total Population in 2001
Bangladesh,Dhaka,30,Munshiganj,59,186106,Number,Urban Population in 2011 (Number),Population Size,Population Census 2011,2011,Urban Population in 2011
Bangladesh,Dhaka,30,Munshiganj,59,1259554,Number,Rural Population in 2011 (Number),Population Size,Population Census 2011,2011,Rural Population in 2011
Bangladesh,Dhaka,30,Munshiganj,59,109771,Number,Urban Population in 1991 (Number),Population Size,Population Census 1991,1991,Urban Population in 1991
Bangladesh,Dhaka,30,Munshiganj,59,888340,Number,Working-age population (Number),Population Size,Population Census 2011,2011,Total number of working age population (15-64 years).
Bangladesh,Dhaka,30,Munshiganj,59,1188387,Number,Total Population in 1991 (Number),Population Size,Population Census 1991,1991,Total Population in 1991
Bangladesh,Dhaka,30,Munshiganj,59,1445660,Number,Total Population in 2011 (Number),Population Size,Population Census 2011,2011,Total Population in 2011
Bangladesh,Dhaka,30,Narayanganj,67,1930540,Number,Working-age population (Number),Population Size,Population Census 2011,2011,Total number of working age population (15-64 years).
Bangladesh,Dhaka,30,Narayanganj,67,896856,Number,Urban Population in 1991 (Number),Population Size,Population Census 1991,1991,Urban Population in 1991
Bangladesh,Dhaka,30,Narayanganj,67,2173948,Number,Total Population in 2001 (Number),Population Size,Population Census 2001,2001,Total Population in 2001
Bangladesh,Dhaka,30,Narayanganj,67,951993,Number,Rural Population in 2001 (Number),Population Size,Population Census 2001,2001,Rural Population in 2001
Bangladesh,Dhaka,30,Narayanganj,67,988956,Number,Urban Population in 2011 (Number),Population Size,Population Census 2011,2011,Urban Population in 2011
Bangladesh,Dhaka,30,Narayanganj,67,857948,Number,Rural Population in 1991 (Number),Population Size,Population Census 1991,1991,Rural Population in 1991
Bangladesh,Dhaka,30,Narayanganj,67,1754804,Number,Total Population in 1991 (Number),Population Size,Population Census 1991,1991,Total Population in 1991
Bangladesh,Dhaka,30,Narayanganj,67,1959261,Number,Rural Population in 2011 (Number),Population Size,Population Census 2011,2011,Rural Population in 2011
Bangladesh,Dhaka,30,Narayanganj,67,2948217,Number,Total Population in 2011 (Number),Population Size,Population Census 2011,2011,Total Population in 2011
Bangladesh,Dhaka,30,Narayanganj,67,1221955,Number,Urban Population in 2001 (Number),Population Size,Population Census 2001,2001,Urban Population in 2001
Bangladesh,Dhaka,30,Narsingdi,68,1777299,Number,Rural Population in 2011 (Number),Population Size,Population Census 2011,2011,Rural Population in 2011
Bangladesh,Dhaka,30,Narsingdi,68,1895984,Number,Total Population in 2001 (Number),Population Size,Population Census 2001,2001,Total Population in 2001
Bangladesh,Dhaka,30,Narsingdi,68,1292180,Number,Working-age population (Number),Population Size,Population Census 2011,2011,Total number of working age population (15-64 years).
Bangladesh,Dhaka,30,Narsingdi,68,1652123,Number,Total Population in 1991 (Number),Population Size,Population Census 1991,1991,Total Population in 1991
Bangladesh,Dhaka,30,Narsingdi,68,349585,Number,Urban Population in 2001 (Number),Population Size,Population Census 2001,2001,Urban Population in 2001
Bangladesh,Dhaka,30,Narsingdi,68,447645,Number,Urban Population in 2011 (Number),Population Size,Population Census 2011,2011,Urban Population in 2011
Bangladesh,Dhaka,30,Narsingdi,68,1387488,Number,Urban Population in 1991 (Number),Population Size,Population Census 1991,1991,Urban Population in 1991
Bangladesh,Dhaka,30,Narsingdi,68,2224944,Number,Total Population in 2011 (Number),Population Size,Population Census 2011,2011,Total Population in 2011
Bangladesh,Dhaka,30,Narsingdi,68,1546399,Number,Rural Population in 2001 (Number),Population Size,Population Census 2001,2001,Rural Population in 2001
Bangladesh,Dhaka,30,Narsingdi,68,264635,Number,Rural Population in 1991 (Number),Population Size,Population Census 1991,1991,Rural Population in 1991
Bangladesh,Dhaka,30,Rajbari,82,749382,Number,Rural Population in 1991 (Number),Population Size,Population Census 1991,1991,Rural Population in 1991
Bangladesh,Dhaka,30,Rajbari,82,833015,Number,Rural Population in 2001 (Number),Population Size,Population Census 2001,2001,Rural Population in 2001
Bangladesh,Dhaka,30,Rajbari,82,635120,Number,Working-age population (Number),Population Size,Population Census 2011,2011,Total number of working age population (15-64 years).
Bangladesh,Dhaka,30,Rajbari,82,913736,Number,Rural Population in 2011 (Number),Population Size,Population Census 2011,2011,Rural Population in 2011
Bangladesh,Dhaka,30,Rajbari,82,835173,Number,Total Population in 1991 (Number),Population Size,Population Census 1991,1991,Total Population in 1991
Bangladesh,Dhaka,30,Rajbari,82,1049778,Number,Total Population in 2011 (Number),Population Size,Population Census 2011,2011,Total Population in 2011
Bangladesh,Dhaka,30,Rajbari,82,951906,Number,Total Population in 2001 (Number),Population Size,Population Census 2001,2001,Total Population in 2001
Bangladesh,Dhaka,30,Rajbari,82,136042,Number,Urban Population in 2011 (Number),Population Size,Population Census 2011,2011,Urban Population in 2011
Bangladesh,Dhaka,30,Rajbari,82,85791,Number,Urban Population in 1991 (Number),Population Size,Population Census 1991,1991,Urban Population in 1991
Bangladesh,Dhaka,30,Rajbari,82,118891,Number,Urban Population in 2001 (Number),Population Size,Population Census 2001,2001,Urban Population in 2001
Bangladesh,Dhaka,30,Shariatpur,86,1155824,Number,Total Population in 2011 (Number),Population Size,Population Census 2011,2011,Total Population in 2011
Bangladesh,Dhaka,30,Shariatpur,86,131044,Number,Urban Population in 2011 (Number),Population Size,Population Census 2011,2011,Urban Population in 2011
Bangladesh,Dhaka,30,Shariatpur,86,1082300,Number,Total Population in 2001 (Number),Population Size,Population Census 2001,2001,Total Population in 2001
Bangladesh,Dhaka,30,Shariatpur,86,114776,Number,Urban Population in 2001 (Number),Population Size,Population Census 2001,2001,Urban Population in 2001
Bangladesh,Dhaka,30,Shariatpur,86,884046,Number,Rural Population in 1991 (Number),Population Size,Population Census 1991,1991,Rural Population in 1991
Bangladesh,Dhaka,30,Shariatpur,86,967525,Number,Rural Population in 2001 (Number),Population Size,Population Census 2001,2001,Rural Population in 2001
Bangladesh,Dhaka,30,Shariatpur,86,68975,Number,Urban Population in 1991 (Number),Population Size,Population Census 1991,1991,Urban Population in 1991
Bangladesh,Dhaka,30,Shariatpur,86,640720,Number,Working-age population (Number),Population Size,Population Census 2011,2011,Total number of working age population (15-64 years).
Bangladesh,Dhaka,30,Shariatpur,86,953021,Number,Total Population in 1991 (Number),Population Size,Population Census 1991,1991,Total Population in 1991
Bangladesh,Dhaka,30,Shariatpur,86,1024780,Number,Rural Population in 2011 (Number),Population Size,Population Census 2011,2011,Rural Population in 2011
Bangladesh,Dhaka,30,Tangail,93,3290696,Number,Total Population in 2001 (Number),Population Size,Population Census 2001,2001,Total Population in 2001
Bangladesh,Dhaka,30,Tangail,93,2852685,Number,Rural Population in 2001 (Number),Population Size,Population Census 2001,2001,Rural Population in 2001
Bangladesh,Dhaka,30,Tangail,93,3002428,Number,Total Population in 1991 (Number),Population Size,Population Census 1991,1991,Total Population in 1991
Bangladesh,Dhaka,30,Tangail,93,543785,Number,Urban Population in 2011 (Number),Population Size,Population Census 2011,2011,Urban Population in 2011
Bangladesh,Dhaka,30,Tangail,93,3605083,Number,Total Population in 2011 (Number),Population Size,Population Census 2011,2011,Total Population in 2011
Bangladesh,Dhaka,30,Tangail,93,2720886,Number,Rural Population in 1991 (Number),Population Size,Population Census 1991,1991,Rural Population in 1991
Bangladesh,Dhaka,30,Tangail,93,3061298,Number,Rural Population in 2011 (Number),Population Size,Population Census 2011,2011,Rural Population in 2011
Bangladesh,Dhaka,30,Tangail,93,2222640,Number,Working-age population (Number),Population Size,Population Census 2011,2011,Total number of working age population (15-64 years).
Bangladesh,Dhaka,30,Tangail,93,438011,Number,Urban Population in 2001 (Number),Population Size,Population Census 2001,2001,Urban Population in 2001
Bangladesh,Dhaka,30,Tangail,93,281542,Number,Urban Population in 1991 (Number),Population Size,Population Census 1991,1991,Urban Population in 1991
Bangladesh,Khulna,40,Bagerhat,1,1476090,Number,Total Population in 2011 (Number),Population Size,Population Census 2011,2011,Total Population in 2011
Bangladesh,Khulna,40,Bagerhat,1,189415,Number,Urban Population in 1991 (Number),Population Size,Population Census 1991,1991,Urban Population in 1991
Bangladesh,Khulna,40,Bagerhat,1,195331,Number,Urban Population in 2011 (Number),Population Size,Population Census 2011,2011,Urban Population in 2011
Bangladesh,Khulna,40,Bagerhat,1,1549031,Number,Total Population in 2001 (Number),Population Size,Population Census 2001,2001,Total Population in 2001
Bangladesh,Khulna,40,Bagerhat,1,1342477,Number,Rural Population in 2001 (Number),Population Size,Population Census 2001,2001,Rural Population in 2001
Bangladesh,Khulna,40,Bagerhat,1,1241917,Number,Rural Population in 1991 (Number),Population Size,Population Census 1991,1991,Rural Population in 1991
Bangladesh,Khulna,40,Bagerhat,1,1431332,Number,Total Population in 1991 (Number),Population Size,Population Census 1991,1991,Total Population in 1991
Bangladesh,Khulna,40,Bagerhat,1,206554,Number,Urban Population in 2001 (Number),Population Size,Population Census 2001,2001,Urban Population in 2001
Bangladesh,Khulna,40,Bagerhat,1,1280759,Number,Rural Population in 2011 (Number),Population Size,Population Census 2011,2011,Rural Population in 2011
Bangladesh,Khulna,40,Bagerhat,1,905260,Number,Working-age population (Number),Population Size,Population Census 2011,2011,Total number of working age population (15-64 years).
Bangladesh,Khulna,40,Chuadanga,18,597552,Number,Rural Population in 1991 (Number),Population Size,Population Census 1991,1991,Rural Population in 1991
Bangladesh,Khulna,40,Chuadanga,18,731646,Number,Rural Population in 2001 (Number),Population Size,Population Census 2001,2001,Rural Population in 2001
Bangladesh,Khulna,40,Chuadanga,18,822858,Number,Rural Population in 2011 (Number),Population Size,Population Census 2011,2011,Rural Population in 2011
Bangladesh,Khulna,40,Chuadanga,18,306157,Number,Urban Population in 2011 (Number),Population Size,Population Census 2011,2011,Urban Population in 2011
Bangladesh,Khulna,40,Chuadanga,18,275484,Number,Urban Population in 2001 (Number),Population Size,Population Census 2001,2001,Urban Population in 2001
Bangladesh,Khulna,40,Chuadanga,18,1007130,Number,Total Population in 2001 (Number),Population Size,Population Census 2001,2001,Total Population in 2001
Bangladesh,Khulna,40,Chuadanga,18,1129015,Number,Total Population in 2011 (Number),Population Size,Population Census 2011,2011,Total Population in 2011
Bangladesh,Khulna,40,Chuadanga,18,209612,Number,Urban Population in 1991 (Number),Population Size,Population Census 1991,1991,Urban Population in 1991
Bangladesh,Khulna,40,Chuadanga,18,807164,Number,Total Population in 1991 (Number),Population Size,Population Census 1991,1991,Total Population in 1991
Bangladesh,Khulna,40,Chuadanga,18,728460,Number,Working-age population (Number),Population Size,Population Census 2011,2011,Total number of working age population (15-64 years).
Bangladesh,Khulna,40,Jessore,41,513552,Number,Urban Population in 2011 (Number),Population Size,Population Census 2011,2011,Urban Population in 2011
Bangladesh,Khulna,40,Jessore,41,2250995,Number,Rural Population in 2011 (Number),Population Size,Population Census 2011,2011,Rural Population in 2011
Bangladesh,Khulna,40,Jessore,41,2070703,Number,Rural Population in 2001 (Number),Population Size,Population Census 2001,2001,Rural Population in 2001
Bangladesh,Khulna,40,Jessore,41,2764547,Number,Total Population in 2011 (Number),Population Size,Population Census 2011,2011,Total Population in 2011
Bangladesh,Khulna,40,Jessore,41,2106996,Number,Total Population in 1991 (Number),Population Size,Population Census 1991,1991,Total Population in 1991
Bangladesh,Khulna,40,Jessore,41,1778180,Number,Working-age population (Number),Population Size,Population Census 2011,2011,Total number of working age population (15-64 years).
Bangladesh,Khulna,40,Jessore,41,282480,Number,Urban Population in 1991 (Number),Population Size,Population Census 1991,1991,Urban Population in 1991
Bangladesh,Khulna,40,Jessore,41,1824516,Number,Rural Population in 1991 (Number),Population Size,Population Census 1991,1991,Rural Population in 1991
Bangladesh,Khulna,40,Jessore,41,400851,Number,Urban Population in 2001 (Number),Population Size,Population Census 2001,2001,Urban Population in 2001
Bangladesh,Khulna,40,Jessore,41,2471557,Number,Total Population in 2001 (Number),Population Size,Population Census 2001,2001,Total Population in 2001
Bangladesh,Khulna,40,Jhenaidah,44,1579490,Number,Total Population in 2001 (Number),Population Size,Population Census 2001,2001,Total Population in 2001
Bangladesh,Khulna,40,Jhenaidah,44,1361280,Number,Total Population in 1991 (Number),Population Size,Population Census 1991,1991,Total Population in 1991
Bangladesh,Khulna,40,Jhenaidah,44,173836,Number,Urban Population in 1991 (Number),Population Size,Population Census 1991,1991,Urban Population in 1991
Bangladesh,Khulna,40,Jhenaidah,44,1771304,Number,Total Population in 2011 (Number),Population Size,Population Census 2011,2011,Total Population in 2011
Bangladesh,Khulna,40,Jhenaidah,44,1187444,Number,Rural Population in 1991 (Number),Population Size,Population Census 1991,1991,Rural Population in 1991
Bangladesh,Khulna,40,Jhenaidah,44,230392,Number,Urban Population in 2001 (Number),Population Size,Population Census 2001,2001,Urban Population in 2001
Bangladesh,Khulna,40,Jhenaidah,44,1121320,Number,Working-age population (Number),Population Size,Population Census 2011,2011,Total number of working age population (15-64 years).
Bangladesh,Khulna,40,Jhenaidah,44,1491112,Number,Rural Population in 2011 (Number),Population Size,Population Census 2011,2011,Rural Population in 2011
Bangladesh,Khulna,40,Jhenaidah,44,1349098,Number,Rural Population in 2001 (Number),Population Size,Population Census 2001,2001,Rural Population in 2001
Bangladesh,Khulna,40,Jhenaidah,44,280192,Number,Urban Population in 2011 (Number),Population Size,Population Census 2011,2011,Urban Population in 2011
Bangladesh,Khulna,40,Khulna,47,1497100,Number,Working-age population (Number),Population Size,Population Census 2011,2011,Total number of working age population (15-64 years).
Bangladesh,Khulna,40,Khulna,47,1540939,Number,Rural Population in 2011 (Number),Population Size,Population Census 2011,2011,Rural Population in 2011
Bangladesh,Khulna,40,Khulna,47,1284208,Number,Urban Population in 2001 (Number),Population Size,Population Census 2001,2001,Urban Population in 2001
Bangladesh,Khulna,40,Khulna,47,2010643,Number,Total Population in 1991 (Number),Population Size,Population Census 1991,1991,Total Population in 1991
Bangladesh,Khulna,40,Khulna,47,777588,Number,Urban Population in 2011 (Number),Population Size,Population Census 2011,2011,Urban Population in 2011
Bangladesh,Khulna,40,Khulna,47,1003388,Number,Rural Population in 1991 (Number),Population Size,Population Census 1991,1991,Rural Population in 1991
Bangladesh,Khulna,40,Khulna,47,2318527,Number,Total Population in 2011 (Number),Population Size,Population Census 2011,2011,Total Population in 2011
Bangladesh,Khulna,40,Khulna,47,1094763,Number,Rural Population in 2001 (Number),Population Size,Population Census 2001,2001,Rural Population in 2001
Bangladesh,Khulna,40,Khulna,47,2378971,Number,Total Population in 2001 (Number),Population Size,Population Census 2001,2001,Total Population in 2001
Bangladesh,Khulna,40,Khulna,47,1007255,Number,Urban Population in 1991 (Number),Population Size,Population Census 1991,1991,Urban Population in 1991
Bangladesh,Khulna,40,Kushtia,50,1337695,Number,Rural Population in 1991 (Number),Population Size,Population Census 1991,1991,Rural Population in 1991
Bangladesh,Khulna,40,Kushtia,50,235526,Number,Urban Population in 2011 (Number),Population Size,Population Census 2011,2011,Urban Population in 2011
Bangladesh,Khulna,40,Kushtia,50,1234980,Number,Working-age population (Number),Population Size,Population Census 2011,2011,Total number of working age population (15-64 years).
Bangladesh,Khulna,40,Kushtia,50,1525880,Number,Rural Population in 2001 (Number),Population Size,Population Census 2001,2001,Rural Population in 2001
Bangladesh,Khulna,40,Kushtia,50,1711312,Number,Rural Population in 2011 (Number),Population Size,Population Census 2011,2011,Rural Population in 2011
Bangladesh,Khulna,40,Kushtia,50,1946838,Number,Total Population in 2011 (Number),Population Size,Population Census 2011,2011,Total Population in 2011
Bangladesh,Khulna,40,Kushtia,50,1502126,Number,Total Population in 1991 (Number),Population Size,Population Census 1991,1991,Total Population in 1991
Bangladesh,Khulna,40,Kushtia,50,1740155,Number,Total Population in 2001 (Number),Population Size,Population Census 2001,2001,Total Population in 2001
Bangladesh,Khulna,40,Kushtia,50,164431,Number,Urban Population in 1991 (Number),Population Size,Population Census 1991,1991,Urban Population in 1991
Bangladesh,Khulna,40,Kushtia,50,214275,Number,Urban Population in 2001 (Number),Population Size,Population Census 2001,2001,Urban Population in 2001
Bangladesh,Khulna,40,Magura,55,120414,Number,Urban Population in 2011 (Number),Population Size,Population Census 2011,2011,Urban Population in 2011
Bangladesh,Khulna,40,Magura,55,798005,Number,Rural Population in 2011 (Number),Population Size,Population Census 2011,2011,Rural Population in 2011
Bangladesh,Khulna,40,Magura,55,718988,Number,Rural Population in 2001 (Number),Population Size,Population Census 2001,2001,Rural Population in 2001
Bangladesh,Khulna,40,Magura,55,824311,Number,Total Population in 2001 (Number),Population Size,Population Census 2001,2001,Total Population in 2001
Bangladesh,Khulna,40,Magura,55,671858,Number,Rural Population in 1991 (Number),Population Size,Population Census 1991,1991,Rural Population in 1991
Bangladesh,Khulna,40,Magura,55,52169,Number,Urban Population in 1991 (Number),Population Size,Population Census 1991,1991,Urban Population in 1991
Bangladesh,Khulna,40,Magura,55,105323,Number,Urban Population in 2001 (Number),Population Size,Population Census 2001,2001,Urban Population in 2001
Bangladesh,Khulna,40,Magura,55,918419,Number,Total Population in 2011 (Number),Population Size,Population Census 2011,2011,Total Population in 2011
Bangladesh,Khulna,40,Magura,55,724027,Number,Total Population in 1991 (Number),Population Size,Population Census 1991,1991,Total Population in 1991
Bangladesh,Khulna,40,Magura,55,554920,Number,Working-age population (Number),Population Size,Population Census 2011,2011,Total number of working age population (15-64 years).
Bangladesh,Khulna,40,Meherpur,57,83393,Number,Urban Population in 2011 (Number),Population Size,Population Census 2011,2011,Urban Population in 2011
Bangladesh,Khulna,40,Meherpur,57,491917,Number,Total Population in 1991 (Number),Population Size,Population Census 1991,1991,Total Population in 1991
Bangladesh,Khulna,40,Meherpur,57,446079,Number,Rural Population in 1991 (Number),Population Size,Population Census 1991,1991,Rural Population in 1991
Bangladesh,Khulna,40,Meherpur,57,571999,Number,Rural Population in 2011 (Number),Population Size,Population Census 2011,2011,Rural Population in 2011
Bangladesh,Khulna,40,Meherpur,57,655392,Number,Total Population in 2011 (Number),Population Size,Population Census 2011,2011,Total Population in 2011
Bangladesh,Khulna,40,Meherpur,57,68154,Number,Urban Population in 2001 (Number),Population Size,Population Census 2001,2001,Urban Population in 2001
Bangladesh,Khulna,40,Meherpur,57,45838,Number,Urban Population in 1991 (Number),Population Size,Population Census 1991,1991,Urban Population in 1991
Bangladesh,Khulna,40,Meherpur,57,591436,Number,Total Population in 2001 (Number),Population Size,Population Census 2001,2001,Total Population in 2001
Bangladesh,Khulna,40,Meherpur,57,427880,Number,Working-age population (Number),Population Size,Population Census 2011,2011,Total number of working age population (15-64 years).
Bangladesh,Khulna,40,Meherpur,57,523282,Number,Rural Population in 2001 (Number),Population Size,Population Census 2001,2001,Rural Population in 2001
Bangladesh,Khulna,40,Narail,65,85809,Number,Urban Population in 2001 (Number),Population Size,Population Census 2001,2001,Urban Population in 2001
Bangladesh,Khulna,40,Narail,65,612638,Number,Rural Population in 2001 (Number),Population Size,Population Census 2001,2001,Rural Population in 2001
Bangladesh,Khulna,40,Narail,65,698447,Number,Total Population in 2001 (Number),Population Size,Population Census 2001,2001,Total Population in 2001
Bangladesh,Khulna,40,Narail,65,66769,Number,Urban Population in 1991 (Number),Population Size,Population Census 1991,1991,Urban Population in 1991
Bangladesh,Khulna,40,Narail,65,721668,Number,Total Population in 2011 (Number),Population Size,Population Census 2011,2011,Total Population in 2011
Bangladesh,Khulna,40,Narail,65,588951,Number,Rural Population in 1991 (Number),Population Size,Population Census 1991,1991,Rural Population in 1991
Bangladesh,Khulna,40,Narail,65,428360,Number,Working-age population (Number),Population Size,Population Census 2011,2011,Total number of working age population (15-64 years).
Bangladesh,Khulna,40,Narail,65,112352,Number,Urban Population in 2011 (Number),Population Size,Population Census 2011,2011,Urban Population in 2011
Bangladesh,Khulna,40,Narail,65,655720,Number,Total Population in 1991 (Number),Population Size,Population Census 1991,1991,Total Population in 1991
Bangladesh,Khulna,40,Narail,65,609316,Number,Rural Population in 2011 (Number),Population Size,Population Census 2011,2011,Rural Population in 2011
Bangladesh,Khulna,40,Satkhira,87,1693090,Number,Rural Population in 2001 (Number),Population Size,Population Census 2001,2001,Rural Population in 2001
Bangladesh,Khulna,40,Satkhira,87,1597178,Number,Total Population in 1991 (Number),Population Size,Population Census 1991,1991,Total Population in 1991
Bangladesh,Khulna,40,Satkhira,87,1788343,Number,Rural Population in 2011 (Number),Population Size,Population Census 2011,2011,Rural Population in 2011
Bangladesh,Khulna,40,Satkhira,87,171614,Number,Urban Population in 2001 (Number),Population Size,Population Census 2001,2001,Urban Population in 2001
Bangladesh,Khulna,40,Satkhira,87,1465194,Number,Rural Population in 1991 (Number),Population Size,Population Census 1991,1991,Rural Population in 1991
Bangladesh,Khulna,40,Satkhira,87,197616,Number,Urban Population in 2011 (Number),Population Size,Population Census 2011,2011,Urban Population in 2011
Bangladesh,Khulna,40,Satkhira,87,1864704,Number,Total Population in 2001 (Number),Population Size,Population Census 2001,2001,Total Population in 2001
Bangladesh,Khulna,40,Satkhira,87,131984,Number,Urban Population in 1991 (Number),Population Size,Population Census 1991,1991,Urban Population in 1991
Bangladesh,Khulna,40,Satkhira,87,1281300,Number,Working-age population (Number),Population Size,Population Census 2011,2011,Total number of working age population (15-64 years).
Bangladesh,Khulna,40,Satkhira,87,1985959,Number,Total Population in 2011 (Number),Population Size,Population Census 2011,2011,Total Population in 2011
Bangladesh,Mymensingh,45,Jamalpur,39,1874440,Number,Total Population in 1991 (Number),Population Size,Population Census 1991,1991,Total Population in 1991
Bangladesh,Mymensingh,45,Jamalpur,39,1662214,Number,Rural Population in 1991 (Number),Population Size,Population Census 1991,1991,Rural Population in 1991
Bangladesh,Mymensingh,45,Jamalpur,39,212226,Number,Urban Population in 1991 (Number),Population Size,Population Census 1991,1991,Urban Population in 1991
Bangladesh,Mymensingh,45,Jamalpur,39,1904805,Number,Rural Population in 2011 (Number),Population Size,Population Census 2011,2011,Rural Population in 2011
Bangladesh,Mymensingh,45,Jamalpur,39,2292674,Number,Total Population in 2011 (Number),Population Size,Population Census 2011,2011,Total Population in 2011
Bangladesh,Mymensingh,45,Jamalpur,39,1775945,Number,Rural Population in 2001 (Number),Population Size,Population Census 2001,2001,Rural Population in 2001
Bangladesh,Mymensingh,45,Jamalpur,39,331264,Number,Urban Population in 2001 (Number),Population Size,Population Census 2001,2001,Urban Population in 2001
Bangladesh,Mymensingh,45,Jamalpur,39,2107209,Number,Total Population in 2001 (Number),Population Size,Population Census 2001,2001,Total Population in 2001
Bangladesh,Mymensingh,45,Jamalpur,39,387869,Number,Urban Population in 2011 (Number),Population Size,Population Census 2011,2011,Urban Population in 2011
Bangladesh,Mymensingh,45,Jamalpur,39,1338520,Number,Working-age population (Number),Population Size,Population Census 2011,2011,Total number of working age population (15-64 years).
Bangladesh,Mymensingh,45,Mymensingh,61,798127,Number,Urban Population in 2011 (Number),Population Size,Population Census 2011,2011,Urban Population in 2011
Bangladesh,Mymensingh,45,Mymensingh,61,510202,Number,Urban Population in 1991 (Number),Population Size,Population Census 1991,1991,Urban Population in 1991
Bangladesh,Mymensingh,45,Mymensingh,61,4312145,Number,Rural Population in 2011 (Number),Population Size,Population Census 2011,2011,Rural Population in 2011
Bangladesh,Mymensingh,45,Mymensingh,61,4489726,Number,Total Population in 2001 (Number),Population Size,Population Census 2001,2001,Total Population in 2001
Bangladesh,Mymensingh,45,Mymensingh,61,3446980,Number,Rural Population in 1991 (Number),Population Size,Population Census 1991,1991,Rural Population in 1991
Bangladesh,Mymensingh,45,Mymensingh,61,3957182,Number,Total Population in 1991 (Number),Population Size,Population Census 1991,1991,Total Population in 1991
Bangladesh,Mymensingh,45,Mymensingh,61,2871960,Number,Working-age population (Number),Population Size,Population Census 2011,2011,Total number of working age population (15-64 years).
Bangladesh,Mymensingh,45,Mymensingh,61,660331,Number,Urban Population in 2001 (Number),Population Size,Population Census 2001,2001,Urban Population in 2001
Bangladesh,Mymensingh,45,Mymensingh,61,3829395,Number,Rural Population in 2001 (Number),Population Size,Population Census 2001,2001,Rural Population in 2001
Bangladesh,Mymensingh,45,Mymensingh,61,5110272,Number,Total Population in 2011 (Number),Population Size,Population Census 2011,2011,Total Population in 2011
Bangladesh,Mymensingh,45,Netrakona,72,1988188,Number,Total Population in 2001 (Number),Population Size,Population Census 2001,2001,Total Population in 2001
Bangladesh,Mymensingh,45,Netrakona,72,1800349,Number,Rural Population in 2001 (Number),Population Size,Population Census 2001,2001,Rural Population in 2001
Bangladesh,Mymensingh,45,Netrakona,72,1595299,Number,Rural Population in 1991 (Number),Population Size,Population Census 1991,1991,Rural Population in 1991
Bangladesh,Mymensingh,45,Netrakona,72,2229642,Number,Total Population in 2011 (Number),Population Size,Population Census 2011,2011,Total Population in 2011
Bangladesh,Mymensingh,45,Netrakona,72,1211940,Number,Working-age population (Number),Population Size,Population Census 2011,2011,Total number of working age population (15-64 years).
Bangladesh,Mymensingh,45,Netrakona,72,135636,Number,Urban Population in 1991 (Number),Population Size,Population Census 1991,1991,Urban Population in 1991
Bangladesh,Mymensingh,45,Netrakona,72,1730935,Number,Total Population in 1991 (Number),Population Size,Population Census 1991,1991,Total Population in 1991
Bangladesh,Mymensingh,45,Netrakona,72,1982459,Number,Rural Population in 2011 (Number),Population Size,Population Census 2011,2011,Rural Population in 2011
Bangladesh,Mymensingh,45,Netrakona,72,187839,Number,Urban Population in 2001 (Number),Population Size,Population Census 2001,2001,Urban Population in 2001
Bangladesh,Mymensingh,45,Netrakona,72,247183,Number,Urban Population in 2011 (Number),Population Size,Population Census 2011,2011,Urban Population in 2011
Bangladesh,Mymensingh,45,Sherpur,89,136171,Number,Urban Population in 2001 (Number),Population Size,Population Census 2001,2001,Urban Population in 2001
Bangladesh,Mymensingh,45,Sherpur,89,1143371,Number,Rural Population in 2001 (Number),Population Size,Population Census 2001,2001,Rural Population in 2001
Bangladesh,Mymensingh,45,Sherpur,89,188106,Number,Urban Population in 2011 (Number),Population Size,Population Census 2011,2011,Urban Population in 2011
Bangladesh,Mymensingh,45,Sherpur,89,1279542,Number,Total Population in 2001 (Number),Population Size,Population Census 2001,2001,Total Population in 2001
Bangladesh,Mymensingh,45,Sherpur,89,1170219,Number,Rural Population in 2011 (Number),Population Size,Population Census 2011,2011,Rural Population in 2011
Bangladesh,Mymensingh,45,Sherpur,89,108364,Number,Urban Population in 1991 (Number),Population Size,Population Census 1991,1991,Urban Population in 1991
Bangladesh,Mymensingh,45,Sherpur,89,1030265,Number,Rural Population in 1991 (Number),Population Size,Population Census 1991,1991,Rural Population in 1991
Bangladesh,Mymensingh,45,Sherpur,89,779140,Number,Working-age population (Number),Population Size,Population Census 2011,2011,Total number of working age population (15-64 years).
Bangladesh,Mymensingh,45,Sherpur,89,1358325,Number,Total Population in 2011 (Number),Population Size,Population Census 2011,2011,Total Population in 2011
Bangladesh,Mymensingh,45,Sherpur,89,1138629,Number,Total Population in 1991 (Number),Population Size,Population Census 1991,1991,Total Population in 1991
Bangladesh,Rajshahi,50,Bogra,10,295607,Number,Urban Population in 1991 (Number),Population Size,Population Census 1991,1991,Urban Population in 1991
Bangladesh,Rajshahi,50,Bogra,10,2373680,Number,Rural Population in 1991 (Number),Population Size,Population Census 1991,1991,Rural Population in 1991
Bangladesh,Rajshahi,50,Bogra,10,3013056,Number,Total Population in 2001 (Number),Population Size,Population Census 2001,2001,Total Population in 2001
Bangladesh,Rajshahi,50,Bogra,10,2669287,Number,Total Population in 1991 (Number),Population Size,Population Census 1991,1991,Total Population in 1991
Bangladesh,Rajshahi,50,Bogra,10,670388,Number,Urban Population in 2011 (Number),Population Size,Population Census 2011,2011,Urban Population in 2011
Bangladesh,Rajshahi,50,Bogra,10,3400874,Number,Total Population in 2011 (Number),Population Size,Population Census 2011,2011,Total Population in 2011
Bangladesh,Rajshahi,50,Bogra,10,389069,Number,Urban Population in 2001 (Number),Population Size,Population Census 2001,2001,Urban Population in 2001
Bangladesh,Rajshahi,50,Bogra,10,2730486,Number,Rural Population in 2011 (Number),Population Size,Population Census 2011,2011,Rural Population in 2011
Bangladesh,Rajshahi,50,Bogra,10,2623987,Number,Rural Population in 2001 (Number),Population Size,Population Census 2001,2001,Rural Population in 2001
Bangladesh,Rajshahi,50,Bogra,10,2186660,Number,Working-age population (Number),Population Size,Population Census 2011,2011,Total number of working age population (15-64 years).
Bangladesh,Rajshahi,50,Nawabganj,70,269087,Number,Urban Population in 2001 (Number),Population Size,Population Census 2001,2001,Urban Population in 2001
Bangladesh,Rajshahi,50,Nawabganj,70,999900,Number,Working-age population (Number),Population Size,Population Census 2011,2011,Total number of working age population (15-64 years).
Bangladesh,Rajshahi,50,Nawabganj,70,1171469,Number,Total Population in 1991 (Number),Population Size,Population Census 1991,1991,Total Population in 1991
Bangladesh,Rajshahi,50,Nawabganj,70,1647521,Number,Total Population in 2011 (Number),Population Size,Population Census 2011,2011,Total Population in 2011
Bangladesh,Rajshahi,50,Nawabganj,70,1156235,Number,Rural Population in 2001 (Number),Population Size,Population Census 2001,2001,Rural Population in 2001
Bangladesh,Rajshahi,50,Nawabganj,70,952867,Number,Rural Population in 1991 (Number),Population Size,Population Census 1991,1991,Rural Population in 1991
Bangladesh,Rajshahi,50,Nawabganj,70,1425322,Number,Total Population in 2001 (Number),Population Size,Population Census 2001,2001,Total Population in 2001
Bangladesh,Rajshahi,50,Nawabganj,70,218602,Number,Urban Population in 1991 (Number),Population Size,Population Census 1991,1991,Urban Population in 1991
Bangladesh,Rajshahi,50,Nawabganj,70,1327243,Number,Rural Population in 2011 (Number),Population Size,Population Census 2011,2011,Rural Population in 2011
Bangladesh,Rajshahi,50,Nawabganj,70,320278,Number,Urban Population in 2011 (Number),Population Size,Population Census 2011,2011,Urban Population in 2011
Bangladesh,Rajshahi,50,Joypurhat,38,725391,Number,Rural Population in 2001 (Number),Population Size,Population Census 2001,2001,Rural Population in 2001
Bangladesh,Rajshahi,50,Joypurhat,38,606540,Number,Working-age population (Number),Population Size,Population Census 2011,2011,Total number of working age population (15-64 years).
Bangladesh,Rajshahi,50,Joypurhat,38,846696,Number,Total Population in 2001 (Number),Population Size,Population Census 2001,2001,Total Population in 2001
Bangladesh,Rajshahi,50,Joypurhat,38,78562,Number,Urban Population in 1991 (Number),Population Size,Population Census 1991,1991,Urban Population in 1991
Bangladesh,Rajshahi,50,Joypurhat,38,765011,Number,Total Population in 1991 (Number),Population Size,Population Census 1991,1991,Total Population in 1991
Bangladesh,Rajshahi,50,Joypurhat,38,769858,Number,Rural Population in 2011 (Number),Population Size,Population Census 2011,2011,Rural Population in 2011
Bangladesh,Rajshahi,50,Joypurhat,38,913768,Number,Total Population in 2011 (Number),Population Size,Population Census 2011,2011,Total Population in 2011
Bangladesh,Rajshahi,50,Joypurhat,38,121305,Number,Urban Population in 2001 (Number),Population Size,Population Census 2001,2001,Urban Population in 2001
Bangladesh,Rajshahi,50,Joypurhat,38,143910,Number,Urban Population in 2011 (Number),Population Size,Population Census 2011,2011,Urban Population in 2011
Bangladesh,Rajshahi,50,Joypurhat,38,686449,Number,Rural Population in 1991 (Number),Population Size,Population Census 1991,1991,Rural Population in 1991
Bangladesh,Rajshahi,50,Naogaon,64,1977732,Number,Rural Population in 1991 (Number),Population Size,Population Census 1991,1991,Rural Population in 1991
Bangladesh,Rajshahi,50,Naogaon,64,222576,Number,Urban Population in 2001 (Number),Population Size,Population Census 2001,2001,Urban Population in 2001
Bangladesh,Rajshahi,50,Naogaon,64,2391355,Number,Total Population in 2001 (Number),Population Size,Population Census 2001,2001,Total Population in 2001
Bangladesh,Rajshahi,50,Naogaon,64,170321,Number,Urban Population in 1991 (Number),Population Size,Population Census 1991,1991,Urban Population in 1991
Bangladesh,Rajshahi,50,Naogaon,64,275567,Number,Urban Population in 2011 (Number),Population Size,Population Census 2011,2011,Urban Population in 2011
Bangladesh,Rajshahi,50,Naogaon,64,2148053,Number,Total Population in 1991 (Number),Population Size,Population Census 1991,1991,Total Population in 1991
Bangladesh,Rajshahi,50,Naogaon,64,2600157,Number,Total Population in 2011 (Number),Population Size,Population Census 2011,2011,Total Population in 2011
Bangladesh,Rajshahi,50,Naogaon,64,1699400,Number,Working-age population (Number),Population Size,Population Census 2011,2011,Total number of working age population (15-64 years).
Bangladesh,Rajshahi,50,Naogaon,64,2324590,Number,Rural Population in 2011 (Number),Population Size,Population Census 2011,2011,Rural Population in 2011
Bangladesh,Rajshahi,50,Naogaon,64,2168779,Number,Rural Population in 2001 (Number),Population Size,Population Census 2001,2001,Rural Population in 2001
Bangladesh,Rajshahi,50,Natore,69,1478665,Number,Rural Population in 2011 (Number),Population Size,Population Census 2011,2011,Rural Population in 2011
Bangladesh,Rajshahi,50,Natore,69,191826,Number,Urban Population in 2001 (Number),Population Size,Population Census 2001,2001,Urban Population in 2001
Bangladesh,Rajshahi,50,Natore,69,228008,Number,Urban Population in 2011 (Number),Population Size,Population Census 2011,2011,Urban Population in 2011
Bangladesh,Rajshahi,50,Natore,69,159798,Number,Urban Population in 1991 (Number),Population Size,Population Census 1991,1991,Urban Population in 1991
Bangladesh,Rajshahi,50,Natore,69,1706673,Number,Total Population in 2011 (Number),Population Size,Population Census 2011,2011,Total Population in 2011
Bangladesh,Rajshahi,50,Natore,69,1387761,Number,Total Population in 1991 (Number),Population Size,Population Census 1991,1991,Total Population in 1991
Bangladesh,Rajshahi,50,Natore,69,1329510,Number,Rural Population in 2001 (Number),Population Size,Population Census 2001,2001,Rural Population in 2001
Bangladesh,Rajshahi,50,Natore,69,1521336,Number,Total Population in 2001 (Number),Population Size,Population Census 2001,2001,Total Population in 2001
Bangladesh,Rajshahi,50,Natore,69,1227963,Number,Rural Population in 1991 (Number),Population Size,Population Census 1991,1991,Rural Population in 1991
Bangladesh,Rajshahi,50,Natore,69,1094060,Number,Working-age population (Number),Population Size,Population Census 2011,2011,Total number of working age population (15-64 years).
Bangladesh,Rajshahi,50,Pabna,76,1582624,Number,Rural Population in 1991 (Number),Population Size,Population Census 1991,1991,Rural Population in 1991
Bangladesh,Rajshahi,50,Pabna,76,2523179,Number,Total Population in 2011 (Number),Population Size,Population Census 2011,2011,Total Population in 2011
Bangladesh,Rajshahi,50,Pabna,76,2135504,Number,Rural Population in 2011 (Number),Population Size,Population Census 2011,2011,Rural Population in 2011
Bangladesh,Rajshahi,50,Pabna,76,1547200,Number,Working-age population (Number),Population Size,Population Census 2011,2011,Total number of working age population (15-64 years).
Bangladesh,Rajshahi,50,Pabna,76,337272,Number,Urban Population in 1991 (Number),Population Size,Population Census 1991,1991,Urban Population in 1991
Bangladesh,Rajshahi,50,Pabna,76,1919896,Number,Total Population in 1991 (Number),Population Size,Population Census 1991,1991,Total Population in 1991
Bangladesh,Rajshahi,50,Pabna,76,449390,Number,Urban Population in 2001 (Number),Population Size,Population Census 2001,2001,Urban Population in 2001
Bangladesh,Rajshahi,50,Pabna,76,387675,Number,Urban Population in 2011 (Number),Population Size,Population Census 2011,2011,Urban Population in 2011
Bangladesh,Rajshahi,50,Pabna,76,1726880,Number,Rural Population in 2001 (Number),Population Size,Population Census 2001,2001,Rural Population in 2001
Bangladesh,Rajshahi,50,Pabna,76,2176270,Number,Total Population in 2001 (Number),Population Size,Population Census 2001,2001,Total Population in 2001
Bangladesh,Rajshahi,50,Rajshahi,81,577292,Number,Urban Population in 1991 (Number),Population Size,Population Census 1991,1991,Urban Population in 1991
Bangladesh,Rajshahi,50,Rajshahi,81,1443249,Number,Rural Population in 2001 (Number),Population Size,Population Census 2001,2001,Rural Population in 2001
Bangladesh,Rajshahi,50,Rajshahi,81,1887015,Number,Total Population in 1991 (Number),Population Size,Population Census 1991,1991,Total Population in 1991
Bangladesh,Rajshahi,50,Rajshahi,81,1309723,Number,Rural Population in 1991 (Number),Population Size,Population Census 1991,1991,Rural Population in 1991
Bangladesh,Rajshahi,50,Rajshahi,81,1740578,Number,Rural Population in 2011 (Number),Population Size,Population Census 2011,2011,Rural Population in 2011
Bangladesh,Rajshahi,50,Rajshahi,81,843625,Number,Urban Population in 2001 (Number),Population Size,Population Census 2001,2001,Urban Population in 2001
Bangladesh,Rajshahi,50,Rajshahi,81,1699720,Number,Working-age population (Number),Population Size,Population Census 2011,2011,Total number of working age population (15-64 years).
Bangladesh,Rajshahi,50,Rajshahi,81,2286874,Number,Total Population in 2001 (Number),Population Size,Population Census 2001,2001,Total Population in 2001
Bangladesh,Rajshahi,50,Rajshahi,81,854619,Number,Urban Population in 2011 (Number),Population Size,Population Census 2011,2011,Urban Population in 2011
Bangladesh,Rajshahi,50,Rajshahi,81,2595197,Number,Total Population in 2011 (Number),Population Size,Population Census 2011,2011,Total Population in 2011
Bangladesh,Rajshahi,50,Sirajganj,88,3097489,Number,Total Population in 2011 (Number),Population Size,Population Census 2011,2011,Total Population in 2011
Bangladesh,Rajshahi,50,Sirajganj,88,254900,Number,Urban Population in 1991 (Number),Population Size,Population Census 1991,1991,Urban Population in 1991
Bangladesh,Rajshahi,50,Sirajganj,88,2263573,Number,Total Population in 1991 (Number),Population Size,Population Census 1991,1991,Total Population in 1991
Bangladesh,Rajshahi,50,Sirajganj,88,436577,Number,Urban Population in 2011 (Number),Population Size,Population Census 2011,2011,Urban Population in 2011
Bangladesh,Rajshahi,50,Sirajganj,88,2693814,Number,Total Population in 2001 (Number),Population Size,Population Census 2001,2001,Total Population in 2001
Bangladesh,Rajshahi,50,Sirajganj,88,321253,Number,Urban Population in 2001 (Number),Population Size,Population Census 2001,2001,Urban Population in 2001
Bangladesh,Rajshahi,50,Sirajganj,88,2660912,Number,Rural Population in 2011 (Number),Population Size,Population Census 2011,2011,Rural Population in 2011
Bangladesh,Rajshahi,50,Sirajganj,88,2372561,Number,Rural Population in 2001 (Number),Population Size,Population Census 2001,2001,Rural Population in 2001
Bangladesh,Rajshahi,50,Sirajganj,88,2008673,Number,Rural Population in 1991 (Number),Population Size,Population Census 1991,1991,Rural Population in 1991
Bangladesh,Rajshahi,50,Sirajganj,88,1848360,Number,Working-age population (Number),Population Size,Population Census 2011,2011,Total number of working age population (15-64 years).
Bangladesh,Rangpur,55,Dinajpur,27,2990128,Number,Total Population in 2011 (Number),Population Size,Population Census 2011,2011,Total Population in 2011
Bangladesh,Rangpur,55,Dinajpur,27,2642850,Number,Total Population in 2001 (Number),Population Size,Population Census 2001,2001,Total Population in 2001
Bangladesh,Rangpur,55,Dinajpur,27,1877160,Number,Working-age population (Number),Population Size,Population Census 2011,2011,Total number of working age population (15-64 years).
Bangladesh,Rangpur,55,Dinajpur,27,2536429,Number,Rural Population in 2011 (Number),Population Size,Population Census 2011,2011,Rural Population in 2011
Bangladesh,Rangpur,55,Dinajpur,27,2260131,Number,Total Population in 1991 (Number),Population Size,Population Census 1991,1991,Total Population in 1991
Bangladesh,Rangpur,55,Dinajpur,27,288367,Number,Urban Population in 1991 (Number),Population Size,Population Census 1991,1991,Urban Population in 1991
Bangladesh,Rangpur,55,Dinajpur,27,2271986,Number,Rural Population in 2001 (Number),Population Size,Population Census 2001,2001,Rural Population in 2001
Bangladesh,Rangpur,55,Dinajpur,27,453699,Number,Urban Population in 2011 (Number),Population Size,Population Census 2011,2011,Urban Population in 2011
Bangladesh,Rangpur,55,Dinajpur,27,1971764,Number,Rural Population in 1991 (Number),Population Size,Population Census 1991,1991,Rural Population in 1991
Bangladesh,Rangpur,55,Dinajpur,27,370864,Number,Urban Population in 2001 (Number),Population Size,Population Census 2001,2001,Urban Population in 2001
Bangladesh,Rangpur,55,Gaibandha,32,137497,Number,Urban Population in 1991 (Number),Population Size,Population Census 1991,1991,Urban Population in 1991
Bangladesh,Rangpur,55,Gaibandha,32,210524,Number,Urban Population in 2011 (Number),Population Size,Population Census 2011,2011,Urban Population in 2011
Bangladesh,Rangpur,55,Gaibandha,32,2168731,Number,Rural Population in 2011 (Number),Population Size,Population Census 2011,2011,Rural Population in 2011
Bangladesh,Rangpur,55,Gaibandha,32,195107,Number,Urban Population in 2001 (Number),Population Size,Population Census 2001,2001,Urban Population in 2001
Bangladesh,Rangpur,55,Gaibandha,32,1811777,Number,Rural Population in 1991 (Number),Population Size,Population Census 1991,1991,Rural Population in 1991
Bangladesh,Rangpur,55,Gaibandha,32,2138181,Number,Total Population in 2001 (Number),Population Size,Population Census 2001,2001,Total Population in 2001
Bangladesh,Rangpur,55,Gaibandha,32,1943074,Number,Rural Population in 2001 (Number),Population Size,Population Census 2001,2001,Rural Population in 2001
Bangladesh,Rangpur,55,Gaibandha,32,1949274,Number,Total Population in 1991 (Number),Population Size,Population Census 1991,1991,Total Population in 1991
Bangladesh,Rangpur,55,Gaibandha,32,2379255,Number,Total Population in 2011 (Number),Population Size,Population Census 2011,2011,Total Population in 2011
Bangladesh,Rangpur,55,Gaibandha,32,1431400,Number,Working-age population (Number),Population Size,Population Census 2011,2011,Total number of working age population (15-64 years).
Bangladesh,Rangpur,55,Kurigram,49,1377668,Number,Rural Population in 1991 (Number),Population Size,Population Census 1991,1991,Rural Population in 1991
Bangladesh,Rangpur,55,Kurigram,49,1742779,Number,Rural Population in 2011 (Number),Population Size,Population Census 2011,2011,Rural Population in 2011
Bangladesh,Rangpur,55,Kurigram,49,2069273,Number,Total Population in 2011 (Number),Population Size,Population Census 2011,2011,Total Population in 2011
Bangladesh,Rangpur,55,Kurigram,49,1603034,Number,Total Population in 1991 (Number),Population Size,Population Census 1991,1991,Total Population in 1991
Bangladesh,Rangpur,55,Kurigram,49,1792073,Number,Total Population in 2001 (Number),Population Size,Population Census 2001,2001,Total Population in 2001
Bangladesh,Rangpur,55,Kurigram,49,326494,Number,Urban Population in 2011 (Number),Population Size,Population Census 2011,2011,Urban Population in 2011
Bangladesh,Rangpur,55,Kurigram,49,278071,Number,Urban Population in 2001 (Number),Population Size,Population Census 2001,2001,Urban Population in 2001
Bangladesh,Rangpur,55,Kurigram,49,1514002,Number,Rural Population in 2001 (Number),Population Size,Population Census 2001,2001,Rural Population in 2001
Bangladesh,Rangpur,55,Kurigram,49,225366,Number,Urban Population in 1991 (Number),Population Size,Population Census 1991,1991,Urban Population in 1991
Bangladesh,Rangpur,55,Kurigram,49,1218980,Number,Working-age population (Number),Population Size,Population Census 2011,2011,Total number of working age population (15-64 years).
Bangladesh,Rangpur,55,Lalmonirhat,52,848589,Number,Rural Population in 1991 (Number),Population Size,Population Census 1991,1991,Rural Population in 1991
Bangladesh,Rangpur,55,Lalmonirhat,52,1109343,Number,Total Population in 2001 (Number),Population Size,Population Census 2001,2001,Total Population in 2001
Bangladesh,Rangpur,55,Lalmonirhat,52,141361,Number,Urban Population in 2001 (Number),Population Size,Population Census 2001,2001,Urban Population in 2001
Bangladesh,Rangpur,55,Lalmonirhat,52,1256099,Number,Total Population in 2011 (Number),Population Size,Population Census 2011,2011,Total Population in 2011
Bangladesh,Rangpur,55,Lalmonirhat,52,953460,Number,Total Population in 1991 (Number),Population Size,Population Census 1991,1991,Total Population in 1991
Bangladesh,Rangpur,55,Lalmonirhat,52,104871,Number,Urban Population in 1991 (Number),Population Size,Population Census 1991,1991,Urban Population in 1991
Bangladesh,Rangpur,55,Lalmonirhat,52,740720,Number,Working-age population (Number),Population Size,Population Census 2011,2011,Total number of working age population (15-64 years).
Bangladesh,Rangpur,55,Lalmonirhat,52,1117414,Number,Rural Population in 2011 (Number),Population Size,Population Census 2011,2011,Rural Population in 2011
Bangladesh,Rangpur,55,Lalmonirhat,52,967982,Number,Rural Population in 2001 (Number),Population Size,Population Census 2001,2001,Rural Population in 2001
Bangladesh,Rangpur,55,Lalmonirhat,52,138685,Number,Urban Population in 2011 (Number),Population Size,Population Census 2011,2011,Urban Population in 2011
Bangladesh,Rangpur,55,Nilphamari,73,1163210,Number,Rural Population in 1991 (Number),Population Size,Population Census 1991,1991,Rural Population in 1991
Bangladesh,Rangpur,55,Nilphamari,73,1834231,Number,Total Population in 2011 (Number),Population Size,Population Census 2011,2011,Total Population in 2011
Bangladesh,Rangpur,55,Nilphamari,73,1082800,Number,Working-age population (Number),Population Size,Population Census 2011,2011,Total number of working age population (15-64 years).
Bangladesh,Rangpur,55,Nilphamari,73,289974,Number,Urban Population in 2011 (Number),Population Size,Population Census 2011,2011,Urban Population in 2011
Bangladesh,Rangpur,55,Nilphamari,73,1348762,Number,Total Population in 1991 (Number),Population Size,Population Census 1991,1991,Total Population in 1991
Bangladesh,Rangpur,55,Nilphamari,73,1571690,Number,Total Population in 2001 (Number),Population Size,Population Census 2001,2001,Total Population in 2001
Bangladesh,Rangpur,55,Nilphamari,73,235839,Number,Urban Population in 2001 (Number),Population Size,Population Census 2001,2001,Urban Population in 2001
Bangladesh,Rangpur,55,Nilphamari,73,185552,Number,Urban Population in 1991 (Number),Population Size,Population Census 1991,1991,Urban Population in 1991
Bangladesh,Rangpur,55,Nilphamari,73,1335851,Number,Rural Population in 2001 (Number),Population Size,Population Census 2001,2001,Rural Population in 2001
Bangladesh,Rangpur,55,Nilphamari,73,1544257,Number,Rural Population in 2011 (Number),Population Size,Population Census 2011,2011,Rural Population in 2011
Bangladesh,Rangpur,55,Panchagarh,77,712024,Number,Total Population in 1991 (Number),Population Size,Population Census 1991,1991,Total Population in 1991
Bangladesh,Rangpur,55,Panchagarh,77,58467,Number,Urban Population in 1991 (Number),Population Size,Population Census 1991,1991,Urban Population in 1991
Bangladesh,Rangpur,55,Panchagarh,77,764181,Number,Rural Population in 2001 (Number),Population Size,Population Census 2001,2001,Rural Population in 2001
Bangladesh,Rangpur,55,Panchagarh,77,836196,Number,Total Population in 2001 (Number),Population Size,Population Census 2001,2001,Total Population in 2001
Bangladesh,Rangpur,55,Panchagarh,77,72015,Number,Urban Population in 2001 (Number),Population Size,Population Census 2001,2001,Urban Population in 2001
Bangladesh,Rangpur,55,Panchagarh,77,892495,Number,Rural Population in 2011 (Number),Population Size,Population Census 2011,2011,Rural Population in 2011
Bangladesh,Rangpur,55,Panchagarh,77,987644,Number,Total Population in 2011 (Number),Population Size,Population Census 2011,2011,Total Population in 2011
Bangladesh,Rangpur,55,Panchagarh,77,653557,Number,Rural Population in 1991 (Number),Population Size,Population Census 1991,1991,Rural Population in 1991
Bangladesh,Rangpur,55,Panchagarh,77,95149,Number,Urban Population in 2011 (Number),Population Size,Population Census 2011,2011,Urban Population in 2011
Bangladesh,Rangpur,55,Panchagarh,77,597900,Number,Working-age population (Number),Population Size,Population Census 2011,2011,Total number of working age population (15-64 years).
Bangladesh,Rangpur,55,Rangpur,85,442713,Number,Urban Population in 2011 (Number),Population Size,Population Census 2011,2011,Urban Population in 2011
Bangladesh,Rangpur,55,Rangpur,85,1799525,Number,Rural Population in 1991 (Number),Population Size,Population Census 1991,1991,Rural Population in 1991
Bangladesh,Rangpur,55,Rangpur,85,2542441,Number,Total Population in 2001 (Number),Population Size,Population Census 2001,2001,Total Population in 2001
Bangladesh,Rangpur,55,Rangpur,85,2085207,Number,Rural Population in 2001 (Number),Population Size,Population Census 2001,2001,Rural Population in 2001
Bangladesh,Rangpur,55,Rangpur,85,2160346,Number,Total Population in 1991 (Number),Population Size,Population Census 1991,1991,Total Population in 1991
Bangladesh,Rangpur,55,Rangpur,85,1763000,Number,Working-age population (Number),Population Size,Population Census 2011,2011,Total number of working age population (15-64 years).
Bangladesh,Rangpur,55,Rangpur,85,2881086,Number,Total Population in 2011 (Number),Population Size,Population Census 2011,2011,Total Population in 2011
Bangladesh,Rangpur,55,Rangpur,85,2438373,Number,Rural Population in 2011 (Number),Population Size,Population Census 2011,2011,Rural Population in 2011
Bangladesh,Rangpur,55,Rangpur,85,457234,Number,Urban Population in 2001 (Number),Population Size,Population Census 2001,2001,Urban Population in 2001
Bangladesh,Rangpur,55,Rangpur,85,360821,Number,Urban Population in 1991 (Number),Population Size,Population Census 1991,1991,Urban Population in 1991
Bangladesh,Rangpur,55,Thakurgaon,94,1214376,Number,Total Population in 2001 (Number),Population Size,Population Census 2001,2001,Total Population in 2001
Bangladesh,Rangpur,55,Thakurgaon,94,846340,Number,Working-age population (Number),Population Size,Population Census 2011,2011,Total number of working age population (15-64 years).
Bangladesh,Rangpur,55,Thakurgaon,94,161309,Number,Urban Population in 2011 (Number),Population Size,Population Census 2011,2011,Urban Population in 2011
Bangladesh,Rangpur,55,Thakurgaon,94,1228733,Number,Rural Population in 2011 (Number),Population Size,Population Census 2011,2011,Rural Population in 2011
Bangladesh,Rangpur,55,Thakurgaon,94,117823,Number,Urban Population in 2001 (Number),Population Size,Population Census 2001,2001,Urban Population in 2001
Bangladesh,Rangpur,55,Thakurgaon,94,1390042,Number,Total Population in 2011 (Number),Population Size,Population Census 2011,2011,Total Population in 2011
Bangladesh,Rangpur,55,Thakurgaon,94,916442,Number,Rural Population in 1991 (Number),Population Size,Population Census 1991,1991,Rural Population in 1991
Bangladesh,Rangpur,55,Thakurgaon,94,94506,Number,Urban Population in 1991 (Number),Population Size,Population Census 1991,1991,Urban Population in 1991
Bangladesh,Rangpur,55,Thakurgaon,94,1010948,Number,Total Population in 1991 (Number),Population Size,Population Census 1991,1991,Total Population in 1991
Bangladesh,Rangpur,55,Thakurgaon,94,1096553,Number,Rural Population in 2001 (Number),Population Size,Population Census 2001,2001,Rural Population in 2001
Bangladesh,Sylhet,60,Habiganj,36,191633,Number,Urban Population in 2001 (Number),Population Size,Population Census 2001,2001,Urban Population in 2001
Bangladesh,Sylhet,60,Habiganj,36,1566032,Number,Rural Population in 2001 (Number),Population Size,Population Census 2001,2001,Rural Population in 2001
Bangladesh,Sylhet,60,Habiganj,36,1526609,Number,Total Population in 1991 (Number),Population Size,Population Census 1991,1991,Total Population in 1991
Bangladesh,Sylhet,60,Habiganj,36,1164180,Number,Working-age population (Number),Population Size,Population Census 2011,2011,Total number of working age population (15-64 years).
Bangladesh,Sylhet,60,Habiganj,36,1844035,Number,Rural Population in 2011 (Number),Population Size,Population Census 2011,2011,Rural Population in 2011
Bangladesh,Sylhet,60,Habiganj,36,2089001,Number,Total Population in 2011 (Number),Population Size,Population Census 2011,2011,Total Population in 2011
Bangladesh,Sylhet,60,Habiganj,36,244966,Number,Urban Population in 2011 (Number),Population Size,Population Census 2011,2011,Urban Population in 2011
Bangladesh,Sylhet,60,Habiganj,36,1407819,Number,Rural Population in 1991 (Number),Population Size,Population Census 1991,1991,Rural Population in 1991
Bangladesh,Sylhet,60,Habiganj,36,1757665,Number,Total Population in 2001 (Number),Population Size,Population Census 2001,2001,Total Population in 2001
Bangladesh,Sylhet,60,Habiganj,36,118790,Number,Urban Population in 1991 (Number),Population Size,Population Census 1991,1991,Urban Population in 1991
Bangladesh,Sylhet,60,Maulvibazar,58,1710983,Number,Rural Population in 2011 (Number),Population Size,Population Census 2011,2011,Rural Population in 2011
Bangladesh,Sylhet,60,Maulvibazar,58,145301,Number,Urban Population in 2001 (Number),Population Size,Population Census 2001,2001,Urban Population in 2001
Bangladesh,Sylhet,60,Maulvibazar,58,1114860,Number,Working-age population (Number),Population Size,Population Census 2011,2011,Total number of working age population (15-64 years).
Bangladesh,Sylhet,60,Maulvibazar,58,1919062,Number,Total Population in 2011 (Number),Population Size,Population Census 2011,2011,Total Population in 2011
Bangladesh,Sylhet,60,Maulvibazar,58,1268304,Number,Rural Population in 1991 (Number),Population Size,Population Census 1991,1991,Rural Population in 1991
Bangladesh,Sylhet,60,Maulvibazar,58,1467073,Number,Rural Population in 2001 (Number),Population Size,Population Census 2001,2001,Rural Population in 2001
Bangladesh,Sylhet,60,Maulvibazar,58,1376566,Number,Total Population in 1991 (Number),Population Size,Population Census 1991,1991,Total Population in 1991
Bangladesh,Sylhet,60,Maulvibazar,58,208079,Number,Urban Population in 2011 (Number),Population Size,Population Census 2011,2011,Urban Population in 2011
Bangladesh,Sylhet,60,Maulvibazar,58,1612374,Number,Total Population in 2001 (Number),Population Size,Population Census 2001,2001,Total Population in 2001
Bangladesh,Sylhet,60,Maulvibazar,58,108262,Number,Urban Population in 1991 (Number),Population Size,Population Census 1991,1991,Urban Population in 1991
Bangladesh,Sylhet,60,Sunamganj,90,2467968,Number,Total Population in 2011 (Number),Population Size,Population Census 2011,2011,Total Population in 2011
Bangladesh,Sylhet,60,Sunamganj,90,217006,Number,Urban Population in 2001 (Number),Population Size,Population Census 2001,2001,Urban Population in 2001
Bangladesh,Sylhet,60,Sunamganj,90,1708563,Number,Total Population in 1991 (Number),Population Size,Population Census 1991,1991,Total Population in 1991
Bangladesh,Sylhet,60,Sunamganj,90,2211851,Number,Rural Population in 2011 (Number),Population Size,Population Census 2011,2011,Rural Population in 2011
Bangladesh,Sylhet,60,Sunamganj,90,1796732,Number,Rural Population in 2001 (Number),Population Size,Population Census 2001,2001,Rural Population in 2001
Bangladesh,Sylhet,60,Sunamganj,90,256117,Number,Urban Population in 2011 (Number),Population Size,Population Census 2011,2011,Urban Population in 2011
Bangladesh,Sylhet,60,Sunamganj,90,1314280,Number,Working-age population (Number),Population Size,Population Census 2011,2011,Total number of working age population (15-64 years).
Bangladesh,Sylhet,60,Sunamganj,90,122245,Number,Urban Population in 1991 (Number),Population Size,Population Census 1991,1991,Urban Population in 1991
Bangladesh,Sylhet,60,Sunamganj,90,1586318,Number,Rural Population in 1991 (Number),Population Size,Population Census 1991,1991,Rural Population in 1991
Bangladesh,Sylhet,60,Sunamganj,90,2013738,Number,Total Population in 2001 (Number),Population Size,Population Census 2001,2001,Total Population in 2001
Bangladesh,Sylhet,60,Sylhet,91,2555566,Number,Total Population in 2001 (Number),Population Size,Population Census 2001,2001,Total Population in 2001
Bangladesh,Sylhet,60,Sylhet,91,3434188,Number,Total Population in 2011 (Number),Population Size,Population Census 2011,2011,Total Population in 2011
Bangladesh,Sylhet,60,Sylhet,91,2680639,Number,Rural Population in 2011 (Number),Population Size,Population Census 2011,2011,Rural Population in 2011
Bangladesh,Sylhet,60,Sylhet,91,753549,Number,Urban Population in 2011 (Number),Population Size,Population Census 2011,2011,Urban Population in 2011
Bangladesh,Sylhet,60,Sylhet,91,332492,Number,Urban Population in 1991 (Number),Population Size,Population Census 1991,1991,Urban Population in 1991
Bangladesh,Sylhet,60,Sylhet,91,2153301,Number,Total Population in 1991 (Number),Population Size,Population Census 1991,1991,Total Population in 1991
Bangladesh,Sylhet,60,Sylhet,91,1935660,Number,Working-age population (Number),Population Size,Population Census 2011,2011,Total number of working age population (15-64 years).
Bangladesh,Sylhet,60,Sylhet,91,1820809,Number,Rural Population in 1991 (Number),Population Size,Population Census 1991,1991,Rural Population in 1991
Bangladesh,Sylhet,60,Sylhet,91,433598,Number,Urban Population in 2001 (Number),Population Size,Population Census 2001,2001,Urban Population in 2001
Bangladesh,Sylhet,60,Sylhet,91,2121968,Number,Rural Population in 2001 (Number),Population Size,Population Census 2001,2001,Rural Population in 2001